/*
 Navicat Premium Data Transfer

 Source Server         : localhost-cool
 Source Server Type    : MySQL
 Source Server Version : 100604
 Source Host           : 192.168.0.130:3306
 Source Schema         : cool

 Target Server Type    : MySQL
 Target Server Version : 100604
 File Encoding         : 65001

 Date: 02/06/2022 11:03:34
*/

SET NAMES utf8mb4;
SET FOREIGN_KEY_CHECKS = 0;

-- ----------------------------
-- Table structure for gen_table
-- ----------------------------
DROP TABLE IF EXISTS `gen_table`;
CREATE TABLE `gen_table` (
  `id` bigint(20) NOT NULL AUTO_INCREMENT COMMENT '表Id',
  `name` varchar(200) DEFAULT '' COMMENT '表名称',
  `comment` varchar(500) DEFAULT '' COMMENT '表描述',
  `class_name` varchar(100) DEFAULT '' COMMENT '实体类名称',
  `prefix` varchar(100) DEFAULT '' COMMENT '前缀名称',
  `tpl_category` varchar(200) NOT NULL DEFAULT 'base' COMMENT '使用的模板（base单表 tree树表 subBase主子单表 subTree主子树表 merge关联表）',
  `package_name` varchar(100) DEFAULT NULL COMMENT '生成包路径',
  `authority_name` varchar(30) DEFAULT NULL COMMENT '生成权限名',
  `module_name` varchar(30) DEFAULT NULL COMMENT '生成模块名',
  `business_name` varchar(30) DEFAULT NULL COMMENT '生成业务名',
  `function_name` varchar(50) DEFAULT NULL COMMENT '生成功能名',
  `function_author` varchar(50) DEFAULT NULL COMMENT '生成功能作者',
  `gen_type` char(1) NOT NULL DEFAULT '0' COMMENT '生成代码方式（0zip压缩包 1自定义路径）',
  `gen_path` varchar(200) DEFAULT '/' COMMENT '后端生成路径（不填默认项目路径）',
  `ui_path` varchar(200) DEFAULT '/' COMMENT '前端生成路径（不填默认项目路径）',
  `options` varchar(1000) DEFAULT NULL COMMENT '其它生成选项',
  `remark` varchar(500) DEFAULT NULL COMMENT '备注',
  `create_by` bigint(20) DEFAULT NULL COMMENT '创建者',
  `create_time` datetime DEFAULT current_timestamp() COMMENT '创建时间',
  `update_by` bigint(20) DEFAULT NULL COMMENT '更新者',
  `update_time` datetime DEFAULT NULL ON UPDATE current_timestamp() COMMENT '更新时间',
  PRIMARY KEY (`id`)
) ENGINE=InnoDB DEFAULT CHARSET=utf8mb4 COMMENT='代码生成业务表';

-- ----------------------------
-- Records of gen_table
-- ----------------------------
BEGIN;
COMMIT;

-- ----------------------------
-- Table structure for gen_table_column
-- ----------------------------
DROP TABLE IF EXISTS `gen_table_column`;
CREATE TABLE `gen_table_column` (
  `id` bigint(20) NOT NULL AUTO_INCREMENT COMMENT '字段Id',
  `table_id` varchar(64) NOT NULL COMMENT '归属表Id',
  `name` varchar(200) DEFAULT NULL COMMENT '列名称',
  `comment` varchar(500) DEFAULT NULL COMMENT '列描述',
  `type` varchar(100) DEFAULT NULL COMMENT '列类型',
  `java_type` varchar(500) DEFAULT NULL COMMENT 'JAVA类型',
  `java_field` varchar(200) DEFAULT NULL COMMENT 'JAVA字段名',
  `is_pk` tinyint(1) NOT NULL DEFAULT 0 COMMENT '主键字段（1是 0否）',
  `is_increment` tinyint(1) NOT NULL DEFAULT 0 COMMENT '自增字段（1是 0否）',
  `is_required` tinyint(1) NOT NULL DEFAULT 0 COMMENT '必填字段（1是 0否）',
  `is_view` tinyint(1) NOT NULL DEFAULT 0 COMMENT '查看字段（1是 0否）',
  `is_insert` tinyint(1) NOT NULL DEFAULT 0 COMMENT '新增字段（1是 0否）',
  `is_edit` tinyint(1) NOT NULL DEFAULT 0 COMMENT '编辑字段（1是 0否）',
  `is_list` tinyint(1) NOT NULL DEFAULT 0 COMMENT '列表字段（1是 0否）',
  `is_query` tinyint(1) NOT NULL DEFAULT 0 COMMENT '查询字段（1是 0否）',
  `is_unique` tinyint(1) NOT NULL DEFAULT 0 COMMENT '唯一字段（1是 0否）',
  `is_import` tinyint(1) NOT NULL DEFAULT 0 COMMENT '导入字段（1是 0否）',
  `is_export` tinyint(1) NOT NULL DEFAULT 0 COMMENT '导出字段（1是 0否）',
  `is_hide` tinyint(1) NOT NULL DEFAULT 0 COMMENT '隐藏字段（1是 0否）',
  `is_cover` tinyint(1) NOT NULL DEFAULT 0 COMMENT '覆盖字段（1是 0否）',
  `query_type` varchar(200) DEFAULT 'EQ' COMMENT '查询方式（等于、不等于、大于、小于、范围）',
  `html_type` varchar(200) DEFAULT NULL COMMENT '显示类型（文本框、文本域、下拉框、复选框、单选框、日期控件）',
  `dict_type` varchar(200) DEFAULT '' COMMENT '字典类型',
  `sort` int(10) unsigned NOT NULL DEFAULT 0 COMMENT '显示顺序',
  `create_by` bigint(20) DEFAULT NULL COMMENT '创建者',
  `create_time` datetime DEFAULT current_timestamp() COMMENT '创建时间',
  `update_by` bigint(20) DEFAULT NULL COMMENT '更新者',
  `update_time` datetime DEFAULT NULL ON UPDATE current_timestamp() COMMENT '更新时间',
  PRIMARY KEY (`id`)
) ENGINE=InnoDB DEFAULT CHARSET=utf8mb4 COMMENT='代码生成业务表字段';

-- ----------------------------
-- Records of gen_table_column
-- ----------------------------
BEGIN;
COMMIT;

-- ----------------------------
-- Table structure for qrtz_blob_triggers
-- ----------------------------
DROP TABLE IF EXISTS `qrtz_blob_triggers`;
CREATE TABLE `qrtz_blob_triggers` (
  `sched_name` varchar(120) NOT NULL COMMENT '调度名称',
  `trigger_name` varchar(200) NOT NULL COMMENT 'qrtz_triggers表trigger_name的外键',
  `trigger_group` varchar(200) NOT NULL COMMENT 'qrtz_triggers表trigger_group的外键',
  `blob_data` blob DEFAULT NULL COMMENT '存放持久化Trigger对象',
  PRIMARY KEY (`sched_name`,`trigger_name`,`trigger_group`),
  CONSTRAINT `qrtz_blob_triggers_ibfk_1` FOREIGN KEY (`sched_name`, `trigger_name`, `trigger_group`) REFERENCES `qrtz_triggers` (`sched_name`, `trigger_name`, `trigger_group`)
) ENGINE=InnoDB DEFAULT CHARSET=utf8mb4 COMMENT='Blob类型的触发器表';

-- ----------------------------
-- Records of qrtz_blob_triggers
-- ----------------------------
BEGIN;
COMMIT;

-- ----------------------------
-- Table structure for qrtz_calendars
-- ----------------------------
DROP TABLE IF EXISTS `qrtz_calendars`;
CREATE TABLE `qrtz_calendars` (
  `sched_name` varchar(120) NOT NULL COMMENT '调度名称',
  `calendar_name` varchar(200) NOT NULL COMMENT '日历名称',
  `calendar` blob NOT NULL COMMENT '存放持久化calendar对象',
  PRIMARY KEY (`sched_name`,`calendar_name`)
) ENGINE=InnoDB DEFAULT CHARSET=utf8mb4 COMMENT='日历信息表';

-- ----------------------------
-- Records of qrtz_calendars
-- ----------------------------
BEGIN;
COMMIT;

-- ----------------------------
-- Table structure for qrtz_cron_triggers
-- ----------------------------
DROP TABLE IF EXISTS `qrtz_cron_triggers`;
CREATE TABLE `qrtz_cron_triggers` (
  `sched_name` varchar(120) NOT NULL COMMENT '调度名称',
  `trigger_name` varchar(200) NOT NULL COMMENT 'qrtz_triggers表trigger_name的外键',
  `trigger_group` varchar(200) NOT NULL COMMENT 'qrtz_triggers表trigger_group的外键',
  `cron_expression` varchar(200) NOT NULL COMMENT 'cron表达式',
  `time_zone_id` varchar(80) DEFAULT NULL COMMENT '时区',
  PRIMARY KEY (`sched_name`,`trigger_name`,`trigger_group`),
  CONSTRAINT `qrtz_cron_triggers_ibfk_1` FOREIGN KEY (`sched_name`, `trigger_name`, `trigger_group`) REFERENCES `qrtz_triggers` (`sched_name`, `trigger_name`, `trigger_group`)
) ENGINE=InnoDB DEFAULT CHARSET=utf8mb4 COMMENT='Cron类型的触发器表';

-- ----------------------------
-- Records of qrtz_cron_triggers
-- ----------------------------
BEGIN;
INSERT INTO `qrtz_cron_triggers` VALUES ('Scheduler', 'TASK_CLASS_NAME1', 'DEFAULT', '0/10 * * * * ?', 'Asia/Shanghai');
INSERT INTO `qrtz_cron_triggers` VALUES ('Scheduler', 'TASK_CLASS_NAME2', 'DEFAULT', '0/15 * * * * ?', 'Asia/Shanghai');
INSERT INTO `qrtz_cron_triggers` VALUES ('Scheduler', 'TASK_CLASS_NAME3', 'DEFAULT', '0/20 * * * * ?', 'Asia/Shanghai');
INSERT INTO `qrtz_cron_triggers` VALUES ('XueYiScheduler', 'TASK_CLASS_NAME1', 'DEFAULT', '0/10 * * * * ?', 'Asia/Shanghai');
INSERT INTO `qrtz_cron_triggers` VALUES ('XueYiScheduler', 'TASK_CLASS_NAME2', 'DEFAULT', '0/15 * * * * ?', 'Asia/Shanghai');
INSERT INTO `qrtz_cron_triggers` VALUES ('XueYiScheduler', 'TASK_CLASS_NAME3', 'DEFAULT', '0/20 * * * * ?', 'Asia/Shanghai');
COMMIT;

-- ----------------------------
-- Table structure for qrtz_fired_triggers
-- ----------------------------
DROP TABLE IF EXISTS `qrtz_fired_triggers`;
CREATE TABLE `qrtz_fired_triggers` (
  `sched_name` varchar(120) NOT NULL COMMENT '调度名称',
  `entry_id` varchar(95) NOT NULL COMMENT '调度器实例id',
  `trigger_name` varchar(200) NOT NULL COMMENT 'qrtz_triggers表trigger_name的外键',
  `trigger_group` varchar(200) NOT NULL COMMENT 'qrtz_triggers表trigger_group的外键',
  `instance_name` varchar(200) NOT NULL COMMENT '调度器实例名',
  `fired_time` bigint(13) NOT NULL COMMENT '触发的时间',
  `sched_time` bigint(13) NOT NULL COMMENT '定时器制定的时间',
  `priority` int(11) NOT NULL COMMENT '优先级',
  `state` varchar(16) NOT NULL COMMENT '状态',
  `job_name` varchar(200) DEFAULT NULL COMMENT '任务名称',
  `job_group` varchar(200) DEFAULT NULL COMMENT '任务组名',
  `is_nonconcurrent` varchar(1) DEFAULT NULL COMMENT '是否并发',
  `requests_recovery` varchar(1) DEFAULT NULL COMMENT '是否接受恢复执行',
  PRIMARY KEY (`sched_name`,`entry_id`)
) ENGINE=InnoDB DEFAULT CHARSET=utf8mb4 COMMENT='已触发的触发器表';

-- ----------------------------
-- Records of qrtz_fired_triggers
-- ----------------------------
BEGIN;
COMMIT;

-- ----------------------------
-- Table structure for qrtz_job_details
-- ----------------------------
DROP TABLE IF EXISTS `qrtz_job_details`;
CREATE TABLE `qrtz_job_details` (
  `sched_name` varchar(120) NOT NULL COMMENT '调度名称',
  `job_name` varchar(200) NOT NULL COMMENT '任务名称',
  `job_group` varchar(200) NOT NULL COMMENT '任务组名',
  `description` varchar(250) DEFAULT NULL COMMENT '相关介绍',
  `job_class_name` varchar(250) NOT NULL COMMENT '执行任务类名称',
  `is_durable` varchar(1) NOT NULL COMMENT '是否持久化',
  `is_nonconcurrent` varchar(1) NOT NULL COMMENT '是否并发',
  `is_update_data` varchar(1) NOT NULL COMMENT '是否更新数据',
  `requests_recovery` varchar(1) NOT NULL COMMENT '是否接受恢复执行',
  `job_data` blob DEFAULT NULL COMMENT '存放持久化job对象',
  PRIMARY KEY (`sched_name`,`job_name`,`job_group`)
) ENGINE=InnoDB DEFAULT CHARSET=utf8mb4 COMMENT='任务详细信息表';

-- ----------------------------
-- Records of qrtz_job_details
-- ----------------------------
BEGIN;
INSERT INTO `qrtz_job_details` VALUES ('Scheduler', 'TASK_CLASS_NAME1', 'DEFAULT', NULL, 'com.springcool.job.util.QuartzDisallowConcurrentExecution', '0', '1', '0', '0', 0xACED0005737200156F72672E71756172747A2E4A6F62446174614D61709FB083E8BFA9B0CB020000787200266F72672E71756172747A2E7574696C732E537472696E674B65794469727479466C61674D61708208E8C3FBC55D280200015A0013616C6C6F77735472616E7369656E74446174617872001D6F72672E71756172747A2E7574696C732E4469727479466C61674D617013E62EAD28760ACE0200025A000564697274794C00036D617074000F4C6A6176612F7574696C2F4D61703B787001737200116A6176612E7574696C2E486173684D61700507DAC1C31660D103000246000A6C6F6164466163746F724900097468726573686F6C6478703F4000000000000C7708000000100000000174000F5441534B5F50524F504552544945537372002B636F6D2E737072696E67636F6F6C2E6A6F622E6170692E646F6D61696E2E64746F2E5379734A6F6244746F000000000000000102000078720029636F6D2E737072696E67636F6F6C2E6A6F622E6170692E646F6D61696E2E706F2E5379734A6F62506F00000000000000010200074C000A636F6E63757272656E747400124C6A6176612F6C616E672F537472696E673B4C000E63726F6E45787072657373696F6E71007E000A4C000C696E766F6B6554617267657471007E000A4C000C696E766F6B6554656E616E7471007E000A4C00086A6F6247726F757071007E000A4C000D6D697366697265506F6C69637971007E000A4C000673746174757371007E000A78720039636F6D2E737072696E67636F6F6C2E636F6D6D6F6E2E636F72652E7765622E74656E616E742E626173652E5453756242617365456E7469747900000000000000010200014C000C656E746572707269736549647400104C6A6176612F6C616E672F4C6F6E673B78720038636F6D2E737072696E67636F6F6C2E636F6D6D6F6E2E636F72652E7765622E656E746974792E626173652E53756242617365456E746974797603F9A690B5E62E0200014C00077375624C6973747400104C6A6176612F7574696C2F4C6973743B78720035636F6D2E737072696E67636F6F6C2E636F6D6D6F6E2E636F72652E7765622E656E746974792E626173652E42617365456E74697479000000000000000102000B4C0008637265617465427971007E000C4C000A6372656174654E616D6571007E000A4C000A63726561746554696D657400194C6A6176612F74696D652F4C6F63616C4461746554696D653B4C000764656C466C616771007E000C4C00046E616D6571007E000A4C000672656D61726B71007E000A4C0004736F72747400134C6A6176612F6C616E672F496E74656765723B4C000673746174757371007E000A4C0008757064617465427971007E000C4C000A7570646174654E616D6571007E000A4C000A75706461746554696D6571007E001078720036636F6D2E737072696E67636F6F6C2E636F6D6D6F6E2E636F72652E7765622E656E746974792E626173652E4261736973456E7469747900000000000000010200034C0002696471007E000C4C0006706172616D7371007E00034C000A736F757263654E616D6571007E000A78707372000E6A6176612E6C616E672E4C6F6E673B8BE490CC8F23DF0200014A000576616C7565787200106A6176612E6C616E672E4E756D62657286AC951D0B94E08B020000787000000000000000017371007E00053F4000000000000077080000001000000000787070707372000D6A6176612E74696D652E536572955D84BA1B2248B20C00007870770A05000007E605181539F47870740018E7B3BBE7BB9FE9BB98E8AEA4EFBC88E697A0E58F82EFBC8970707070707070707400013174000E302F3130202A202A202A202A203F74001172795461736B2E72794E6F506172616D73740010314C2C202759272C2027736C6176652774000744454641554C5474000133740001317800);
INSERT INTO `qrtz_job_details` VALUES ('Scheduler', 'TASK_CLASS_NAME2', 'DEFAULT', NULL, 'com.springcool.job.util.QuartzDisallowConcurrentExecution', '0', '1', '0', '0', 0xACED0005737200156F72672E71756172747A2E4A6F62446174614D61709FB083E8BFA9B0CB020000787200266F72672E71756172747A2E7574696C732E537472696E674B65794469727479466C61674D61708208E8C3FBC55D280200015A0013616C6C6F77735472616E7369656E74446174617872001D6F72672E71756172747A2E7574696C732E4469727479466C61674D617013E62EAD28760ACE0200025A000564697274794C00036D617074000F4C6A6176612F7574696C2F4D61703B787001737200116A6176612E7574696C2E486173684D61700507DAC1C31660D103000246000A6C6F6164466163746F724900097468726573686F6C6478703F4000000000000C7708000000100000000174000F5441534B5F50524F504552544945537372002B636F6D2E737072696E67636F6F6C2E6A6F622E6170692E646F6D61696E2E64746F2E5379734A6F6244746F000000000000000102000078720029636F6D2E737072696E67636F6F6C2E6A6F622E6170692E646F6D61696E2E706F2E5379734A6F62506F00000000000000010200074C000A636F6E63757272656E747400124C6A6176612F6C616E672F537472696E673B4C000E63726F6E45787072657373696F6E71007E000A4C000C696E766F6B6554617267657471007E000A4C000C696E766F6B6554656E616E7471007E000A4C00086A6F6247726F757071007E000A4C000D6D697366697265506F6C69637971007E000A4C000673746174757371007E000A78720039636F6D2E737072696E67636F6F6C2E636F6D6D6F6E2E636F72652E7765622E74656E616E742E626173652E5453756242617365456E7469747900000000000000010200014C000C656E746572707269736549647400104C6A6176612F6C616E672F4C6F6E673B78720038636F6D2E737072696E67636F6F6C2E636F6D6D6F6E2E636F72652E7765622E656E746974792E626173652E53756242617365456E746974797603F9A690B5E62E0200014C00077375624C6973747400104C6A6176612F7574696C2F4C6973743B78720035636F6D2E737072696E67636F6F6C2E636F6D6D6F6E2E636F72652E7765622E656E746974792E626173652E42617365456E74697479000000000000000102000B4C0008637265617465427971007E000C4C000A6372656174654E616D6571007E000A4C000A63726561746554696D657400194C6A6176612F74696D652F4C6F63616C4461746554696D653B4C000764656C466C616771007E000C4C00046E616D6571007E000A4C000672656D61726B71007E000A4C0004736F72747400134C6A6176612F6C616E672F496E74656765723B4C000673746174757371007E000A4C0008757064617465427971007E000C4C000A7570646174654E616D6571007E000A4C000A75706461746554696D6571007E001078720036636F6D2E737072696E67636F6F6C2E636F6D6D6F6E2E636F72652E7765622E656E746974792E626173652E4261736973456E7469747900000000000000010200034C0002696471007E000C4C0006706172616D7371007E00034C000A736F757263654E616D6571007E000A78707372000E6A6176612E6C616E672E4C6F6E673B8BE490CC8F23DF0200014A000576616C7565787200106A6176612E6C616E672E4E756D62657286AC951D0B94E08B020000787000000000000000027371007E00053F4000000000000077080000001000000000787070707372000D6A6176612E74696D652E536572955D84BA1B2248B20C00007870770A05000007E605181539F47870740018E7B3BBE7BB9FE9BB98E8AEA4EFBC88E69C89E58F82EFBC8970707070707070707400013174000E302F3135202A202A202A202A203F74001572795461736B2E7279506172616D73282772792729740010314C2C202759272C2027736C6176652774000744454641554C5474000133740001317800);
INSERT INTO `qrtz_job_details` VALUES ('Scheduler', 'TASK_CLASS_NAME3', 'DEFAULT', NULL, 'com.springcool.job.util.QuartzDisallowConcurrentExecution', '0', '1', '0', '0', 0xACED0005737200156F72672E71756172747A2E4A6F62446174614D61709FB083E8BFA9B0CB020000787200266F72672E71756172747A2E7574696C732E537472696E674B65794469727479466C61674D61708208E8C3FBC55D280200015A0013616C6C6F77735472616E7369656E74446174617872001D6F72672E71756172747A2E7574696C732E4469727479466C61674D617013E62EAD28760ACE0200025A000564697274794C00036D617074000F4C6A6176612F7574696C2F4D61703B787001737200116A6176612E7574696C2E486173684D61700507DAC1C31660D103000246000A6C6F6164466163746F724900097468726573686F6C6478703F4000000000000C7708000000100000000174000F5441534B5F50524F504552544945537372002B636F6D2E737072696E67636F6F6C2E6A6F622E6170692E646F6D61696E2E64746F2E5379734A6F6244746F000000000000000102000078720029636F6D2E737072696E67636F6F6C2E6A6F622E6170692E646F6D61696E2E706F2E5379734A6F62506F00000000000000010200074C000A636F6E63757272656E747400124C6A6176612F6C616E672F537472696E673B4C000E63726F6E45787072657373696F6E71007E000A4C000C696E766F6B6554617267657471007E000A4C000C696E766F6B6554656E616E7471007E000A4C00086A6F6247726F757071007E000A4C000D6D697366697265506F6C69637971007E000A4C000673746174757371007E000A78720039636F6D2E737072696E67636F6F6C2E636F6D6D6F6E2E636F72652E7765622E74656E616E742E626173652E5453756242617365456E7469747900000000000000010200014C000C656E746572707269736549647400104C6A6176612F6C616E672F4C6F6E673B78720038636F6D2E737072696E67636F6F6C2E636F6D6D6F6E2E636F72652E7765622E656E746974792E626173652E53756242617365456E746974797603F9A690B5E62E0200014C00077375624C6973747400104C6A6176612F7574696C2F4C6973743B78720035636F6D2E737072696E67636F6F6C2E636F6D6D6F6E2E636F72652E7765622E656E746974792E626173652E42617365456E74697479000000000000000102000B4C0008637265617465427971007E000C4C000A6372656174654E616D6571007E000A4C000A63726561746554696D657400194C6A6176612F74696D652F4C6F63616C4461746554696D653B4C000764656C466C616771007E000C4C00046E616D6571007E000A4C000672656D61726B71007E000A4C0004736F72747400134C6A6176612F6C616E672F496E74656765723B4C000673746174757371007E000A4C0008757064617465427971007E000C4C000A7570646174654E616D6571007E000A4C000A75706461746554696D6571007E001078720036636F6D2E737072696E67636F6F6C2E636F6D6D6F6E2E636F72652E7765622E656E746974792E626173652E4261736973456E7469747900000000000000010200034C0002696471007E000C4C0006706172616D7371007E00034C000A736F757263654E616D6571007E000A78707372000E6A6176612E6C616E672E4C6F6E673B8BE490CC8F23DF0200014A000576616C7565787200106A6176612E6C616E672E4E756D62657286AC951D0B94E08B020000787000000000000000037371007E00053F4000000000000077080000001000000000787070707372000D6A6176612E74696D652E536572955D84BA1B2248B20C00007870770A05000007E605181539F47870740018E7B3BBE7BB9FE9BB98E8AEA4EFBC88E5A49AE58F82EFBC8970707070707070707400013174000E302F3230202A202A202A202A203F74003872795461736B2E72794D756C7469706C65506172616D7328277279272C20747275652C20323030304C2C203331362E3530442C2031303029740010314C2C202759272C2027736C6176652774000744454641554C5474000133740001317800);
INSERT INTO `qrtz_job_details` VALUES ('XueYiScheduler', 'TASK_CLASS_NAME1', 'DEFAULT', NULL, 'com.xueyi.job.util.QuartzDisallowConcurrentExecution', '0', '1', '0', '0', 0xACED0005737200156F72672E71756172747A2E4A6F62446174614D61709FB083E8BFA9B0CB020000787200266F72672E71756172747A2E7574696C732E537472696E674B65794469727479466C61674D61708208E8C3FBC55D280200015A0013616C6C6F77735472616E7369656E74446174617872001D6F72672E71756172747A2E7574696C732E4469727479466C61674D617013E62EAD28760ACE0200025A000564697274794C00036D617074000F4C6A6176612F7574696C2F4D61703B787001737200116A6176612E7574696C2E486173684D61700507DAC1C31660D103000246000A6C6F6164466163746F724900097468726573686F6C6478703F4000000000000C7708000000100000000174000F5441534B5F50524F5045525449455373720026636F6D2E78756579692E6A6F622E6170692E646F6D61696E2E64746F2E5379734A6F6244746F000000000000000102000078720024636F6D2E78756579692E6A6F622E6170692E646F6D61696E2E706F2E5379734A6F62506F00000000000000010200074C000A636F6E63757272656E747400124C6A6176612F6C616E672F537472696E673B4C000E63726F6E45787072657373696F6E71007E000A4C000C696E766F6B6554617267657471007E000A4C000C696E766F6B6554656E616E7471007E000A4C00086A6F6247726F757071007E000A4C000D6D697366697265506F6C69637971007E000A4C000673746174757371007E000A7872003E636F6D2E737072696E67636F6F6C2E636F6F6C2E636F6D6D6F6E2E636F72652E7765622E74656E616E742E626173652E5453756242617365456E7469747900000000000000010200014C000C656E746572707269736549647400104C6A6176612F6C616E672F4C6F6E673B7872003D636F6D2E737072696E67636F6F6C2E636F6F6C2E636F6D6D6F6E2E636F72652E7765622E656E746974792E626173652E53756242617365456E746974799D98F0AF51745FD80200014C00077375624C6973747400104C6A6176612F7574696C2F4C6973743B7872003A636F6D2E737072696E67636F6F6C2E636F6F6C2E636F6D6D6F6E2E636F72652E7765622E656E746974792E626173652E42617365456E74697479000000000000000102000B4C0008637265617465427971007E000C4C000A6372656174654E616D6571007E000A4C000A63726561746554696D657400194C6A6176612F74696D652F4C6F63616C4461746554696D653B4C000764656C466C616771007E000C4C00046E616D6571007E000A4C000672656D61726B71007E000A4C0004736F72747400134C6A6176612F6C616E672F496E74656765723B4C000673746174757371007E000A4C0008757064617465427971007E000C4C000A7570646174654E616D6571007E000A4C000A75706461746554696D6571007E00107872003B636F6D2E737072696E67636F6F6C2E636F6F6C2E636F6D6D6F6E2E636F72652E7765622E656E746974792E626173652E4261736973456E7469747900000000000000010200034C0002696471007E000C4C0006706172616D7371007E00034C000A736F757263654E616D6571007E000A78707372000E6A6176612E6C616E672E4C6F6E673B8BE490CC8F23DF0200014A000576616C7565787200106A6176612E6C616E672E4E756D62657286AC951D0B94E08B020000787000000000000000017371007E00053F4000000000000077080000001000000000787070707372000D6A6176612E74696D652E536572955D84BA1B2248B20C00007870770A05000007E605181539F47870740018E7B3BBE7BB9FE9BB98E8AEA4EFBC88E697A0E58F82EFBC8970707070707070707400013174000E302F3130202A202A202A202A203F74001172795461736B2E72794E6F506172616D73740010314C2C202759272C2027736C6176652774000744454641554C5474000133740001317800);
INSERT INTO `qrtz_job_details` VALUES ('XueYiScheduler', 'TASK_CLASS_NAME2', 'DEFAULT', NULL, 'com.xueyi.job.util.QuartzDisallowConcurrentExecution', '0', '1', '0', '0', 0xACED0005737200156F72672E71756172747A2E4A6F62446174614D61709FB083E8BFA9B0CB020000787200266F72672E71756172747A2E7574696C732E537472696E674B65794469727479466C61674D61708208E8C3FBC55D280200015A0013616C6C6F77735472616E7369656E74446174617872001D6F72672E71756172747A2E7574696C732E4469727479466C61674D617013E62EAD28760ACE0200025A000564697274794C00036D617074000F4C6A6176612F7574696C2F4D61703B787001737200116A6176612E7574696C2E486173684D61700507DAC1C31660D103000246000A6C6F6164466163746F724900097468726573686F6C6478703F4000000000000C7708000000100000000174000F5441534B5F50524F5045525449455373720026636F6D2E78756579692E6A6F622E6170692E646F6D61696E2E64746F2E5379734A6F6244746F000000000000000102000078720024636F6D2E78756579692E6A6F622E6170692E646F6D61696E2E706F2E5379734A6F62506F00000000000000010200074C000A636F6E63757272656E747400124C6A6176612F6C616E672F537472696E673B4C000E63726F6E45787072657373696F6E71007E000A4C000C696E766F6B6554617267657471007E000A4C000C696E766F6B6554656E616E7471007E000A4C00086A6F6247726F757071007E000A4C000D6D697366697265506F6C69637971007E000A4C000673746174757371007E000A7872003E636F6D2E737072696E67636F6F6C2E636F6F6C2E636F6D6D6F6E2E636F72652E7765622E74656E616E742E626173652E5453756242617365456E7469747900000000000000010200014C000C656E746572707269736549647400104C6A6176612F6C616E672F4C6F6E673B7872003D636F6D2E737072696E67636F6F6C2E636F6F6C2E636F6D6D6F6E2E636F72652E7765622E656E746974792E626173652E53756242617365456E746974799D98F0AF51745FD80200014C00077375624C6973747400104C6A6176612F7574696C2F4C6973743B7872003A636F6D2E737072696E67636F6F6C2E636F6F6C2E636F6D6D6F6E2E636F72652E7765622E656E746974792E626173652E42617365456E74697479000000000000000102000B4C0008637265617465427971007E000C4C000A6372656174654E616D6571007E000A4C000A63726561746554696D657400194C6A6176612F74696D652F4C6F63616C4461746554696D653B4C000764656C466C616771007E000C4C00046E616D6571007E000A4C000672656D61726B71007E000A4C0004736F72747400134C6A6176612F6C616E672F496E74656765723B4C000673746174757371007E000A4C0008757064617465427971007E000C4C000A7570646174654E616D6571007E000A4C000A75706461746554696D6571007E00107872003B636F6D2E737072696E67636F6F6C2E636F6F6C2E636F6D6D6F6E2E636F72652E7765622E656E746974792E626173652E4261736973456E7469747900000000000000010200034C0002696471007E000C4C0006706172616D7371007E00034C000A736F757263654E616D6571007E000A78707372000E6A6176612E6C616E672E4C6F6E673B8BE490CC8F23DF0200014A000576616C7565787200106A6176612E6C616E672E4E756D62657286AC951D0B94E08B020000787000000000000000027371007E00053F4000000000000077080000001000000000787070707372000D6A6176612E74696D652E536572955D84BA1B2248B20C00007870770A05000007E605181539F47870740018E7B3BBE7BB9FE9BB98E8AEA4EFBC88E69C89E58F82EFBC8970707070707070707400013174000E302F3135202A202A202A202A203F74001572795461736B2E7279506172616D73282772792729740010314C2C202759272C2027736C6176652774000744454641554C5474000133740001317800);
INSERT INTO `qrtz_job_details` VALUES ('XueYiScheduler', 'TASK_CLASS_NAME3', 'DEFAULT', NULL, 'com.xueyi.job.util.QuartzDisallowConcurrentExecution', '0', '1', '0', '0', 0xACED0005737200156F72672E71756172747A2E4A6F62446174614D61709FB083E8BFA9B0CB020000787200266F72672E71756172747A2E7574696C732E537472696E674B65794469727479466C61674D61708208E8C3FBC55D280200015A0013616C6C6F77735472616E7369656E74446174617872001D6F72672E71756172747A2E7574696C732E4469727479466C61674D617013E62EAD28760ACE0200025A000564697274794C00036D617074000F4C6A6176612F7574696C2F4D61703B787001737200116A6176612E7574696C2E486173684D61700507DAC1C31660D103000246000A6C6F6164466163746F724900097468726573686F6C6478703F4000000000000C7708000000100000000174000F5441534B5F50524F5045525449455373720026636F6D2E78756579692E6A6F622E6170692E646F6D61696E2E64746F2E5379734A6F6244746F000000000000000102000078720024636F6D2E78756579692E6A6F622E6170692E646F6D61696E2E706F2E5379734A6F62506F00000000000000010200074C000A636F6E63757272656E747400124C6A6176612F6C616E672F537472696E673B4C000E63726F6E45787072657373696F6E71007E000A4C000C696E766F6B6554617267657471007E000A4C000C696E766F6B6554656E616E7471007E000A4C00086A6F6247726F757071007E000A4C000D6D697366697265506F6C69637971007E000A4C000673746174757371007E000A7872003E636F6D2E737072696E67636F6F6C2E636F6F6C2E636F6D6D6F6E2E636F72652E7765622E74656E616E742E626173652E5453756242617365456E7469747900000000000000010200014C000C656E746572707269736549647400104C6A6176612F6C616E672F4C6F6E673B7872003D636F6D2E737072696E67636F6F6C2E636F6F6C2E636F6D6D6F6E2E636F72652E7765622E656E746974792E626173652E53756242617365456E746974799D98F0AF51745FD80200014C00077375624C6973747400104C6A6176612F7574696C2F4C6973743B7872003A636F6D2E737072696E67636F6F6C2E636F6F6C2E636F6D6D6F6E2E636F72652E7765622E656E746974792E626173652E42617365456E74697479000000000000000102000B4C0008637265617465427971007E000C4C000A6372656174654E616D6571007E000A4C000A63726561746554696D657400194C6A6176612F74696D652F4C6F63616C4461746554696D653B4C000764656C466C616771007E000C4C00046E616D6571007E000A4C000672656D61726B71007E000A4C0004736F72747400134C6A6176612F6C616E672F496E74656765723B4C000673746174757371007E000A4C0008757064617465427971007E000C4C000A7570646174654E616D6571007E000A4C000A75706461746554696D6571007E00107872003B636F6D2E737072696E67636F6F6C2E636F6F6C2E636F6D6D6F6E2E636F72652E7765622E656E746974792E626173652E4261736973456E7469747900000000000000010200034C0002696471007E000C4C0006706172616D7371007E00034C000A736F757263654E616D6571007E000A78707372000E6A6176612E6C616E672E4C6F6E673B8BE490CC8F23DF0200014A000576616C7565787200106A6176612E6C616E672E4E756D62657286AC951D0B94E08B020000787000000000000000037371007E00053F4000000000000077080000001000000000787070707372000D6A6176612E74696D652E536572955D84BA1B2248B20C00007870770A05000007E605181539F47870740018E7B3BBE7BB9FE9BB98E8AEA4EFBC88E5A49AE58F82EFBC8970707070707070707400013174000E302F3230202A202A202A202A203F74003872795461736B2E72794D756C7469706C65506172616D7328277279272C20747275652C20323030304C2C203331362E3530442C2031303029740010314C2C202759272C2027736C6176652774000744454641554C5474000133740001317800);
COMMIT;

-- ----------------------------
-- Table structure for qrtz_locks
-- ----------------------------
DROP TABLE IF EXISTS `qrtz_locks`;
CREATE TABLE `qrtz_locks` (
  `sched_name` varchar(120) NOT NULL COMMENT '调度名称',
  `lock_name` varchar(40) NOT NULL COMMENT '悲观锁名称',
  PRIMARY KEY (`sched_name`,`lock_name`)
) ENGINE=InnoDB DEFAULT CHARSET=utf8mb4 COMMENT='存储的悲观锁信息表';

-- ----------------------------
-- Records of qrtz_locks
-- ----------------------------
BEGIN;
INSERT INTO `qrtz_locks` VALUES ('Scheduler', 'STATE_ACCESS');
INSERT INTO `qrtz_locks` VALUES ('Scheduler', 'TRIGGER_ACCESS');
INSERT INTO `qrtz_locks` VALUES ('XueYiScheduler', 'STATE_ACCESS');
INSERT INTO `qrtz_locks` VALUES ('XueYiScheduler', 'TRIGGER_ACCESS');
COMMIT;

-- ----------------------------
-- Table structure for qrtz_paused_trigger_grps
-- ----------------------------
DROP TABLE IF EXISTS `qrtz_paused_trigger_grps`;
CREATE TABLE `qrtz_paused_trigger_grps` (
  `sched_name` varchar(120) NOT NULL COMMENT '调度名称',
  `trigger_group` varchar(200) NOT NULL COMMENT 'qrtz_triggers表trigger_group的外键',
  PRIMARY KEY (`sched_name`,`trigger_group`)
) ENGINE=InnoDB DEFAULT CHARSET=utf8mb4 COMMENT='暂停的触发器表';

-- ----------------------------
-- Records of qrtz_paused_trigger_grps
-- ----------------------------
BEGIN;
COMMIT;

-- ----------------------------
-- Table structure for qrtz_scheduler_state
-- ----------------------------
DROP TABLE IF EXISTS `qrtz_scheduler_state`;
CREATE TABLE `qrtz_scheduler_state` (
  `sched_name` varchar(120) NOT NULL COMMENT '调度名称',
  `instance_name` varchar(200) NOT NULL COMMENT '实例名称',
  `last_checkin_time` bigint(13) NOT NULL COMMENT '上次检查时间',
  `checkin_interval` bigint(13) NOT NULL COMMENT '检查间隔时间',
  PRIMARY KEY (`sched_name`,`instance_name`)
) ENGINE=InnoDB DEFAULT CHARSET=utf8mb4 COMMENT='调度器状态表';

-- ----------------------------
-- Records of qrtz_scheduler_state
-- ----------------------------
BEGIN;
INSERT INTO `qrtz_scheduler_state` VALUES ('Scheduler', 'duoluotianshideMacBook-Pro.local1654087650357', 1654090808533, 15000);
INSERT INTO `qrtz_scheduler_state` VALUES ('XueYiScheduler', 'duoluotianshideMacBook-Pro.local1654084206264', 1654084577088, 15000);
COMMIT;

-- ----------------------------
-- Table structure for qrtz_simple_triggers
-- ----------------------------
DROP TABLE IF EXISTS `qrtz_simple_triggers`;
CREATE TABLE `qrtz_simple_triggers` (
  `sched_name` varchar(120) NOT NULL COMMENT '调度名称',
  `trigger_name` varchar(200) NOT NULL COMMENT 'qrtz_triggers表trigger_name的外键',
  `trigger_group` varchar(200) NOT NULL COMMENT 'qrtz_triggers表trigger_group的外键',
  `repeat_count` bigint(7) NOT NULL COMMENT '重复的次数统计',
  `repeat_interval` bigint(12) NOT NULL COMMENT '重复的间隔时间',
  `times_triggered` bigint(10) NOT NULL COMMENT '已经触发的次数',
  PRIMARY KEY (`sched_name`,`trigger_name`,`trigger_group`),
  CONSTRAINT `qrtz_simple_triggers_ibfk_1` FOREIGN KEY (`sched_name`, `trigger_name`, `trigger_group`) REFERENCES `qrtz_triggers` (`sched_name`, `trigger_name`, `trigger_group`)
) ENGINE=InnoDB DEFAULT CHARSET=utf8mb4 COMMENT='简单触发器的信息表';

-- ----------------------------
-- Records of qrtz_simple_triggers
-- ----------------------------
BEGIN;
COMMIT;

-- ----------------------------
-- Table structure for qrtz_simprop_triggers
-- ----------------------------
DROP TABLE IF EXISTS `qrtz_simprop_triggers`;
CREATE TABLE `qrtz_simprop_triggers` (
  `sched_name` varchar(120) NOT NULL COMMENT '调度名称',
  `trigger_name` varchar(200) NOT NULL COMMENT 'qrtz_triggers表trigger_name的外键',
  `trigger_group` varchar(200) NOT NULL COMMENT 'qrtz_triggers表trigger_group的外键',
  `str_prop_1` varchar(512) DEFAULT NULL COMMENT 'String类型的trigger的第一个参数',
  `str_prop_2` varchar(512) DEFAULT NULL COMMENT 'String类型的trigger的第二个参数',
  `str_prop_3` varchar(512) DEFAULT NULL COMMENT 'String类型的trigger的第三个参数',
  `int_prop_1` int(11) DEFAULT NULL COMMENT 'int类型的trigger的第一个参数',
  `int_prop_2` int(11) DEFAULT NULL COMMENT 'int类型的trigger的第二个参数',
  `long_prop_1` bigint(20) DEFAULT NULL COMMENT 'long类型的trigger的第一个参数',
  `long_prop_2` bigint(20) DEFAULT NULL COMMENT 'long类型的trigger的第二个参数',
  `dec_prop_1` decimal(13,4) DEFAULT NULL COMMENT 'decimal类型的trigger的第一个参数',
  `dec_prop_2` decimal(13,4) DEFAULT NULL COMMENT 'decimal类型的trigger的第二个参数',
  `bool_prop_1` varchar(1) DEFAULT NULL COMMENT 'Boolean类型的trigger的第一个参数',
  `bool_prop_2` varchar(1) DEFAULT NULL COMMENT 'Boolean类型的trigger的第二个参数',
  PRIMARY KEY (`sched_name`,`trigger_name`,`trigger_group`),
  CONSTRAINT `qrtz_simprop_triggers_ibfk_1` FOREIGN KEY (`sched_name`, `trigger_name`, `trigger_group`) REFERENCES `qrtz_triggers` (`sched_name`, `trigger_name`, `trigger_group`)
) ENGINE=InnoDB DEFAULT CHARSET=utf8mb4 COMMENT='同步机制的行锁表';

-- ----------------------------
-- Records of qrtz_simprop_triggers
-- ----------------------------
BEGIN;
COMMIT;

-- ----------------------------
-- Table structure for qrtz_triggers
-- ----------------------------
DROP TABLE IF EXISTS `qrtz_triggers`;
CREATE TABLE `qrtz_triggers` (
  `sched_name` varchar(120) NOT NULL COMMENT '调度名称',
  `trigger_name` varchar(200) NOT NULL COMMENT '触发器的名字',
  `trigger_group` varchar(200) NOT NULL COMMENT '触发器所属组的名字',
  `job_name` varchar(200) NOT NULL COMMENT 'qrtz_job_details表job_name的外键',
  `job_group` varchar(200) NOT NULL COMMENT 'qrtz_job_details表job_group的外键',
  `description` varchar(250) DEFAULT NULL COMMENT '相关介绍',
  `next_fire_time` bigint(13) DEFAULT NULL COMMENT '上一次触发时间（毫秒）',
  `prev_fire_time` bigint(13) DEFAULT NULL COMMENT '下一次触发时间（默认为-1表示不触发）',
  `priority` int(11) DEFAULT NULL COMMENT '优先级',
  `trigger_state` varchar(16) NOT NULL COMMENT '触发器状态',
  `trigger_type` varchar(8) NOT NULL COMMENT '触发器的类型',
  `start_time` bigint(13) NOT NULL COMMENT '开始时间',
  `end_time` bigint(13) DEFAULT NULL COMMENT '结束时间',
  `calendar_name` varchar(200) DEFAULT NULL COMMENT '日程表名称',
  `misfire_instr` smallint(2) DEFAULT NULL COMMENT '补偿执行的策略',
  `job_data` blob DEFAULT NULL COMMENT '存放持久化job对象',
  PRIMARY KEY (`sched_name`,`trigger_name`,`trigger_group`),
  KEY `sched_name` (`sched_name`,`job_name`,`job_group`),
  CONSTRAINT `qrtz_triggers_ibfk_1` FOREIGN KEY (`sched_name`, `job_name`, `job_group`) REFERENCES `qrtz_job_details` (`sched_name`, `job_name`, `job_group`)
) ENGINE=InnoDB DEFAULT CHARSET=utf8mb4 COMMENT='触发器详细信息表';

-- ----------------------------
-- Records of qrtz_triggers
-- ----------------------------
BEGIN;
INSERT INTO `qrtz_triggers` VALUES ('Scheduler', 'TASK_CLASS_NAME1', 'DEFAULT', 'TASK_CLASS_NAME1', 'DEFAULT', NULL, 1654087650000, -1, 5, 'PAUSED', 'CRON', 1654087650000, 0, NULL, 2, '');
INSERT INTO `qrtz_triggers` VALUES ('Scheduler', 'TASK_CLASS_NAME2', 'DEFAULT', 'TASK_CLASS_NAME2', 'DEFAULT', NULL, 1654087650000, -1, 5, 'PAUSED', 'CRON', 1654087650000, 0, NULL, 2, '');
INSERT INTO `qrtz_triggers` VALUES ('Scheduler', 'TASK_CLASS_NAME3', 'DEFAULT', 'TASK_CLASS_NAME3', 'DEFAULT', NULL, 1654087660000, -1, 5, 'PAUSED', 'CRON', 1654087650000, 0, NULL, 2, '');
INSERT INTO `qrtz_triggers` VALUES ('XueYiScheduler', 'TASK_CLASS_NAME1', 'DEFAULT', 'TASK_CLASS_NAME1', 'DEFAULT', NULL, 1654084210000, -1, 5, 'PAUSED', 'CRON', 1654084206000, 0, NULL, 2, '');
INSERT INTO `qrtz_triggers` VALUES ('XueYiScheduler', 'TASK_CLASS_NAME2', 'DEFAULT', 'TASK_CLASS_NAME2', 'DEFAULT', NULL, 1654084215000, -1, 5, 'PAUSED', 'CRON', 1654084206000, 0, NULL, 2, '');
INSERT INTO `qrtz_triggers` VALUES ('XueYiScheduler', 'TASK_CLASS_NAME3', 'DEFAULT', 'TASK_CLASS_NAME3', 'DEFAULT', NULL, 1654084220000, -1, 5, 'PAUSED', 'CRON', 1654084207000, 0, NULL, 2, '');
COMMIT;

-- ----------------------------
-- Table structure for sys_config
-- ----------------------------
DROP TABLE IF EXISTS `sys_config`;
CREATE TABLE `sys_config` (
  `id` bigint(20) NOT NULL COMMENT '参数Id',
  `name` varchar(100) DEFAULT '' COMMENT '参数名称',
  `code` varchar(100) DEFAULT '' COMMENT '参数编码',
  `value` varchar(500) DEFAULT '' COMMENT '参数键值',
  `type` char(1) DEFAULT 'N' COMMENT '系统内置（Y是 N否）',
  `sort` int(10) unsigned NOT NULL DEFAULT 0 COMMENT '显示顺序',
  `remark` varchar(1000) DEFAULT NULL COMMENT '备注',
  `create_by` bigint(20) DEFAULT NULL COMMENT '创建者',
  `create_time` datetime DEFAULT current_timestamp() COMMENT '创建时间',
  `update_by` bigint(20) DEFAULT NULL COMMENT '更新者',
  `update_time` datetime DEFAULT NULL ON UPDATE current_timestamp() COMMENT '更新时间',
  PRIMARY KEY (`id`)
) ENGINE=InnoDB DEFAULT CHARSET=utf8mb4 COMMENT='参数配置表';

-- ----------------------------
-- Records of sys_config
-- ----------------------------
BEGIN;
INSERT INTO `sys_config` VALUES (1, '主框架页-默认皮肤样式名称', 'sys.index.skinName', 'skin-blue', 'Y', 0, '蓝色 skin-blue、绿色 skin-green、紫色 skin-purple、红色 skin-red、黄色 skin-yellow', NULL, '2022-05-24 21:57:11', NULL, NULL);
INSERT INTO `sys_config` VALUES (2, '用户管理-账号初始密码', 'sys.user.initPassword', '123456', 'Y', 0, '初始化密码 123456', NULL, '2022-05-24 21:57:11', NULL, NULL);
INSERT INTO `sys_config` VALUES (3, '主框架页-侧边栏主题', 'sys.index.sideTheme', 'theme-dark', 'Y', 0, '深色主题theme-dark，浅色主题theme-light', NULL, '2022-05-24 21:57:11', NULL, NULL);
INSERT INTO `sys_config` VALUES (4, '账号自助-是否开启租户注册功能', 'sys.account.registerTenant', 'false', 'Y', 0, '是否开启注册租户功能（true开启，false关闭）', NULL, '2022-05-24 21:57:11', NULL, NULL);
COMMIT;

-- ----------------------------
-- Table structure for sys_dict_data
-- ----------------------------
DROP TABLE IF EXISTS `sys_dict_data`;
CREATE TABLE `sys_dict_data` (
  `id` bigint(20) NOT NULL AUTO_INCREMENT COMMENT '数据Id',
  `code` varchar(100) DEFAULT '' COMMENT '字典编码',
  `value` varchar(100) DEFAULT '' COMMENT '数据键值',
  `label` varchar(100) DEFAULT '' COMMENT '数据标签',
  `sort` int(10) unsigned NOT NULL DEFAULT 0 COMMENT '显示顺序',
  `is_default` char(1) DEFAULT 'N' COMMENT '是否默认（Y是 N否）',
  `css_class` varchar(100) DEFAULT NULL COMMENT '样式属性（其他样式扩展）',
  `list_class` varchar(100) DEFAULT NULL COMMENT '表格回显样式',
  `status` char(1) NOT NULL DEFAULT '0' COMMENT '状态（0正常 1停用）',
  `remark` varchar(1000) DEFAULT NULL COMMENT '备注',
  `create_by` bigint(20) DEFAULT NULL COMMENT '创建者',
  `create_time` datetime DEFAULT current_timestamp() COMMENT '创建时间',
  `update_by` bigint(20) DEFAULT NULL COMMENT '更新者',
  `update_time` datetime DEFAULT NULL ON UPDATE current_timestamp() COMMENT '更新时间',
  PRIMARY KEY (`id`)
) ENGINE=InnoDB AUTO_INCREMENT=129 DEFAULT CHARSET=utf8mb4 COMMENT='字典数据表';

-- ----------------------------
-- Records of sys_dict_data
-- ----------------------------
BEGIN;
INSERT INTO `sys_dict_data` VALUES (1, 'sys_user_sex', '0', '男', 1, 'Y', '', '', '0', '性别男', NULL, '2022-05-24 21:57:11', NULL, NULL);
INSERT INTO `sys_dict_data` VALUES (2, 'sys_user_sex', '1', '女', 2, 'N', '', '', '0', '性别女', NULL, '2022-05-24 21:57:11', NULL, NULL);
INSERT INTO `sys_dict_data` VALUES (3, 'sys_user_sex', '2', '未知', 3, 'N', '', '', '0', '性别未知', NULL, '2022-05-24 21:57:11', NULL, NULL);
INSERT INTO `sys_dict_data` VALUES (4, 'sys_common_private', '0', '公共', 0, 'N', '', 'cyan', '0', '常规-公共私有：公共', NULL, '2022-05-24 21:57:11', NULL, NULL);
INSERT INTO `sys_dict_data` VALUES (5, 'sys_common_private', '1', '私有', 1, 'N', '', 'purple', '0', '常规-公共私有：私有', NULL, '2022-05-24 21:57:11', NULL, NULL);
INSERT INTO `sys_dict_data` VALUES (6, 'sys_show_hide', '0', '显示', 1, 'Y', '', 'blue', '0', '常规-显隐：显示', NULL, '2022-05-24 21:57:11', NULL, NULL);
INSERT INTO `sys_dict_data` VALUES (7, 'sys_show_hide', '1', '隐藏', 2, 'N', '', 'red', '0', '常规-显隐：隐藏', NULL, '2022-05-24 21:57:11', NULL, NULL);
INSERT INTO `sys_dict_data` VALUES (8, 'sys_normal_disable', '0', '正常', 1, 'Y', '', 'blue', '0', '正常状态', NULL, '2022-05-24 21:57:11', NULL, NULL);
INSERT INTO `sys_dict_data` VALUES (9, 'sys_normal_disable', '1', '停用', 2, 'N', '', 'red', '0', '停用状态', NULL, '2022-05-24 21:57:11', NULL, NULL);
INSERT INTO `sys_dict_data` VALUES (10, 'sys_job_status', '0', '正常', 1, 'Y', '', 'blue', '0', '正常状态', NULL, '2022-05-24 21:57:11', NULL, NULL);
INSERT INTO `sys_dict_data` VALUES (11, 'sys_job_status', '1', '暂停', 2, 'N', '', 'red', '0', '停用状态', NULL, '2022-05-24 21:57:11', NULL, NULL);
INSERT INTO `sys_dict_data` VALUES (12, 'sys_job_policy', '0', '默认', 1, 'N', '', 'blue', '0', '任务策略：默认', NULL, '2022-05-24 21:57:11', NULL, NULL);
INSERT INTO `sys_dict_data` VALUES (13, 'sys_job_policy', '1', '立即执行', 2, 'N', '', 'green', '0', '任务策略：立即执行', NULL, '2022-05-24 21:57:11', NULL, NULL);
INSERT INTO `sys_dict_data` VALUES (14, 'sys_job_policy', '2', '执行一次', 3, 'N', '', 'cyan', '0', '任务策略：执行一次', NULL, '2022-05-24 21:57:11', NULL, NULL);
INSERT INTO `sys_dict_data` VALUES (15, 'sys_job_policy', '3', '放弃执行', 4, 'N', '', 'purple', '0', '任务策略：放弃执行', NULL, '2022-05-24 21:57:11', NULL, NULL);
INSERT INTO `sys_dict_data` VALUES (16, 'sys_job_concurrent', '0', '允许', 1, 'N', '', 'blue', '0', '任务并发：允许', NULL, '2022-05-24 21:57:11', NULL, NULL);
INSERT INTO `sys_dict_data` VALUES (17, 'sys_job_concurrent', '1', '禁止', 2, 'N', '', 'red', '0', '任务并发：禁止', NULL, '2022-05-24 21:57:11', NULL, NULL);
INSERT INTO `sys_dict_data` VALUES (18, 'sys_job_group', 'DEFAULT', '默认', 1, 'Y', '', '', '0', '默认分组', NULL, '2022-05-24 21:57:11', NULL, NULL);
INSERT INTO `sys_dict_data` VALUES (19, 'sys_job_group', 'SYSTEM', '系统', 2, 'N', '', '', '0', '系统分组', NULL, '2022-05-24 21:57:11', NULL, NULL);
INSERT INTO `sys_dict_data` VALUES (20, 'sys_yes_no', 'Y', '是', 1, 'Y', '', 'blue', '0', '常规-是否：是', NULL, '2022-05-24 21:57:11', NULL, NULL);
INSERT INTO `sys_dict_data` VALUES (21, 'sys_yes_no', 'N', '否', 2, 'N', '', 'red', '0', '常规-是否：否', NULL, '2022-05-24 21:57:11', NULL, NULL);
INSERT INTO `sys_dict_data` VALUES (22, 'sys_notice_type', '0', '通知', 1, 'Y', '', 'blue', '0', '通知', NULL, '2022-05-24 21:57:11', NULL, NULL);
INSERT INTO `sys_dict_data` VALUES (23, 'sys_notice_type', '1', '公告', 2, 'N', '', 'green', '0', '公告', NULL, '2022-05-24 21:57:11', NULL, NULL);
INSERT INTO `sys_dict_data` VALUES (24, 'sys_notice_status', '0', '待发送', 1, 'Y', '', 'blue', '0', '待发送', NULL, '2022-05-24 21:57:11', NULL, NULL);
INSERT INTO `sys_dict_data` VALUES (25, 'sys_notice_status', '1', '已发送', 2, 'N', '', 'green', '0', '已发送', NULL, '2022-05-24 21:57:11', NULL, NULL);
INSERT INTO `sys_dict_data` VALUES (26, 'sys_notice_status', '2', '已关闭', 3, 'N', '', 'cyan', '0', '已关闭', NULL, '2022-05-24 21:57:11', NULL, NULL);
INSERT INTO `sys_dict_data` VALUES (27, 'sys_notice_status', '3', '发送失败', 4, 'N', '', 'orange', '0', '发送失败', NULL, '2022-05-24 21:57:11', NULL, NULL);
INSERT INTO `sys_dict_data` VALUES (28, 'sys_notice_status', '4', '发送异常', 5, 'N', '', 'red', '0', '发送异常', NULL, '2022-05-24 21:57:11', NULL, NULL);
INSERT INTO `sys_dict_data` VALUES (29, 'sys_operate_business', '00', '其它', 1, 'N', '', 'orange', '0', '操作类型：其它', NULL, '2022-05-24 21:57:11', NULL, NULL);
INSERT INTO `sys_dict_data` VALUES (30, 'sys_operate_business', '01', '新增', 2, 'N', '', 'blue', '0', '操作类型：新增', NULL, '2022-05-24 21:57:11', NULL, NULL);
INSERT INTO `sys_dict_data` VALUES (31, 'sys_operate_business', '02', '强制新增', 3, 'N', '', 'red', '0', '操作类型：强制新增', NULL, '2022-05-24 21:57:11', NULL, NULL);
INSERT INTO `sys_dict_data` VALUES (32, 'sys_operate_business', '03', '修改', 4, 'N', '', 'green', '0', '操作类型：修改', NULL, '2022-05-24 21:57:11', NULL, NULL);
INSERT INTO `sys_dict_data` VALUES (33, 'sys_operate_business', '04', '强制修改', 5, 'N', '', 'red', '0', '操作类型：强制修改', NULL, '2022-05-24 21:57:11', NULL, NULL);
INSERT INTO `sys_dict_data` VALUES (34, 'sys_operate_business', '05', '权限控制', 6, 'N', '', 'purple', '0', '操作类型：权限控制', NULL, '2022-05-24 21:57:11', NULL, NULL);
INSERT INTO `sys_dict_data` VALUES (35, 'sys_operate_business', '06', '修改状态', 7, 'N', '', 'purple', '0', '操作类型：修改状态', NULL, '2022-05-24 21:57:11', NULL, NULL);
INSERT INTO `sys_dict_data` VALUES (36, 'sys_operate_business', '07', '强制修改状态', 8, 'N', '', 'red', '0', '操作类型：强制修改状态', NULL, '2022-05-24 21:57:11', NULL, NULL);
INSERT INTO `sys_dict_data` VALUES (37, 'sys_operate_business', '08', '删除', 9, 'N', '', 'orange', '0', '操作类型：删除', NULL, '2022-05-24 21:57:11', NULL, NULL);
INSERT INTO `sys_dict_data` VALUES (38, 'sys_operate_business', '09', '强制删除', 10, 'N', '', 'red', '0', '操作类型：强制删除', NULL, '2022-05-24 21:57:11', NULL, NULL);
INSERT INTO `sys_dict_data` VALUES (39, 'sys_operate_business', '10', '授权', 11, 'N', '', 'orange', '0', '操作类型：授权', NULL, '2022-05-24 21:57:11', NULL, NULL);
INSERT INTO `sys_dict_data` VALUES (40, 'sys_operate_business', '11', '导出', 12, 'N', '', 'pink', '0', '操作类型：导出', NULL, '2022-05-24 21:57:11', NULL, NULL);
INSERT INTO `sys_dict_data` VALUES (41, 'sys_operate_business', '12', '导入', 13, 'N', '', 'cyan', '0', '操作类型：导入', NULL, '2022-05-24 21:57:11', NULL, NULL);
INSERT INTO `sys_dict_data` VALUES (42, 'sys_operate_business', '13', '强退', 14, 'N', '', 'orange', '0', '操作类型：强退', NULL, '2022-05-24 21:57:11', NULL, NULL);
INSERT INTO `sys_dict_data` VALUES (43, 'sys_operate_business', '14', '生成代码', 15, 'N', '', 'orange', '0', '操作类型：生成代码', NULL, '2022-05-24 21:57:11', NULL, NULL);
INSERT INTO `sys_dict_data` VALUES (44, 'sys_operate_business', '15', '清空数据', 16, 'N', '', 'orange', '0', '操作类型：清空数据', NULL, '2022-05-24 21:57:11', NULL, NULL);
INSERT INTO `sys_dict_data` VALUES (45, 'sys_operate_business', '16', '更新缓存', 17, 'N', '', 'orange', '0', '操作类型：更新缓存', NULL, '2022-05-24 21:57:11', NULL, NULL);
INSERT INTO `sys_dict_data` VALUES (46, 'sys_operate_type', '00', '其它', 1, 'N', '', 'green', '0', '操作类别：其它', NULL, '2022-05-24 21:57:11', NULL, NULL);
INSERT INTO `sys_dict_data` VALUES (47, 'sys_operate_type', '01', '后台用户', 2, 'N', '', 'blue', '0', '操作类别：后台用户', NULL, '2022-05-24 21:57:11', NULL, NULL);
INSERT INTO `sys_dict_data` VALUES (48, 'sys_operate_type', '02', '手机端用户', 3, 'N', '', 'red', '0', '操作类别：手机端用户', NULL, '2022-05-24 21:57:11', NULL, NULL);
INSERT INTO `sys_dict_data` VALUES (49, 'sys_operate_status', '0', '正常', 1, 'N', '', 'green', '0', '操作状态：正常', NULL, '2022-05-24 21:57:11', NULL, NULL);
INSERT INTO `sys_dict_data` VALUES (50, 'sys_operate_status', '1', '异常', 2, 'N', '', 'red', '0', '操作状态：异常', NULL, '2022-05-24 21:57:11', NULL, NULL);
INSERT INTO `sys_dict_data` VALUES (51, 'sys_message_status', '0', '成功', 1, 'N', '', 'blue', '0', '状态：成功', NULL, '2022-05-24 21:57:11', NULL, NULL);
INSERT INTO `sys_dict_data` VALUES (52, 'sys_message_status', '1', '失败', 2, 'N', '', 'red', '0', '状态：失败', NULL, '2022-05-24 21:57:11', NULL, NULL);
INSERT INTO `sys_dict_data` VALUES (53, 'sys_dict_color', '', 'none', 1, 'N', '', '', '0', '字典颜色：none', NULL, '2022-05-24 21:57:11', NULL, NULL);
INSERT INTO `sys_dict_data` VALUES (54, 'sys_dict_color', 'red', 'red', 2, 'N', '', 'red', '0', '字典颜色：red', NULL, '2022-05-24 21:57:11', NULL, NULL);
INSERT INTO `sys_dict_data` VALUES (55, 'sys_dict_color', 'pink', 'pink', 3, 'N', '', 'pink', '0', '字典颜色：pink', NULL, '2022-05-24 21:57:11', NULL, NULL);
INSERT INTO `sys_dict_data` VALUES (56, 'sys_dict_color', 'orange', 'orange', 4, 'N', '', 'orange', '0', '字典颜色：orange', NULL, '2022-05-24 21:57:11', NULL, NULL);
INSERT INTO `sys_dict_data` VALUES (57, 'sys_dict_color', 'green', 'green', 5, 'N', '', 'green', '0', '字典颜色：green', NULL, '2022-05-24 21:57:11', NULL, NULL);
INSERT INTO `sys_dict_data` VALUES (58, 'sys_dict_color', 'blue', 'blue', 6, 'N', '', 'blue', '0', '字典颜色：blue', NULL, '2022-05-24 21:57:11', NULL, NULL);
INSERT INTO `sys_dict_data` VALUES (59, 'sys_dict_color', 'purple', 'purple', 7, 'N', '', 'purple', '0', '字典颜色：purple', NULL, '2022-05-24 21:57:11', NULL, NULL);
INSERT INTO `sys_dict_data` VALUES (60, 'sys_dict_color', 'cyan', 'cyan', 8, 'N', '', 'cyan', '0', '字典颜色：cyan', NULL, '2022-05-24 21:57:11', NULL, NULL);
INSERT INTO `sys_dict_data` VALUES (61, 'sys_grant_type', 'authorization_code', '授权码模式', 1, 'N', '', '', '0', '授权码模式', NULL, '2022-05-24 21:57:11', NULL, NULL);
INSERT INTO `sys_dict_data` VALUES (62, 'sys_grant_type', 'password', '密码模式', 2, 'N', '', '', '0', '密码模式', NULL, '2022-05-24 21:57:11', NULL, NULL);
INSERT INTO `sys_dict_data` VALUES (63, 'sys_grant_type', 'client_credentials', '客户端模式', 3, 'N', '', '', '0', '客户端模式', NULL, '2022-05-24 21:57:11', NULL, NULL);
INSERT INTO `sys_dict_data` VALUES (64, 'sys_grant_type', 'implicit', '简化模式', 4, 'N', '', '', '0', '简化模式', NULL, '2022-05-24 21:57:11', NULL, NULL);
INSERT INTO `sys_dict_data` VALUES (65, 'sys_grant_type', 'refresh_token', '刷新模式', 5, 'N', '', '', '0', '刷新模式', NULL, '2022-05-24 21:57:11', NULL, NULL);
INSERT INTO `sys_dict_data` VALUES (66, 'auth_frame_type', '0', '常规', 1, 'Y', '', 'pink', '0', '权限-页面类型：常规', NULL, '2022-05-24 21:57:11', NULL, NULL);
INSERT INTO `sys_dict_data` VALUES (67, 'auth_frame_type', '1', '内嵌', 2, 'N', '', 'cyan', '0', '权限-页面类型：内嵌', NULL, '2022-05-24 21:57:11', NULL, NULL);
INSERT INTO `sys_dict_data` VALUES (68, 'auth_frame_type', '2', '外链', 3, 'N', '', 'green', '0', '权限-页面类型：外链', NULL, '2022-05-24 21:57:11', NULL, NULL);
INSERT INTO `sys_dict_data` VALUES (69, 'auth_menu_type', 'M', '目录', 1, 'Y', '', 'pink', '0', '权限-菜单类型：目录', NULL, '2022-05-24 21:57:11', NULL, NULL);
INSERT INTO `sys_dict_data` VALUES (70, 'auth_menu_type', 'C', '菜单', 2, 'N', '', 'cyan', '0', '权限-菜单类型：菜单', NULL, '2022-05-24 21:57:11', NULL, NULL);
INSERT INTO `sys_dict_data` VALUES (71, 'auth_menu_type', 'X', '详情', 3, 'N', '', 'purple', '0', '权限-菜单类型：详情', NULL, '2022-05-24 21:57:11', NULL, NULL);
INSERT INTO `sys_dict_data` VALUES (72, 'auth_menu_type', 'F', '按钮', 4, 'N', '', 'green', '0', '权限-菜单类型：按钮', NULL, '2022-05-24 21:57:11', NULL, NULL);
INSERT INTO `sys_dict_data` VALUES (73, 'auth_data_scope', '1', '全部数据权限', 0, 'Y', '', '', '0', '权限-数据范围：全部数据权限', NULL, '2022-05-24 21:57:11', NULL, NULL);
INSERT INTO `sys_dict_data` VALUES (74, 'auth_data_scope', '2', '自定数据权限', 1, 'N', '', '', '0', '权限-数据范围：自定数据权限', NULL, '2022-05-24 21:57:11', NULL, NULL);
INSERT INTO `sys_dict_data` VALUES (75, 'auth_data_scope', '3', '本部门数据权限', 2, 'N', '', '', '0', '权限-数据范围：本部门数据权限', NULL, '2022-05-24 21:57:11', NULL, NULL);
INSERT INTO `sys_dict_data` VALUES (76, 'auth_data_scope', '4', '本部门及以下数据权限', 3, 'N', '', '', '0', '权限-数据范围：本部门及以下数据权限', NULL, '2022-05-24 21:57:11', NULL, NULL);
INSERT INTO `sys_dict_data` VALUES (77, 'auth_data_scope', '5', '本岗位数据权限', 4, 'N', '', '', '0', '权限-数据范围：本岗位数据权限', NULL, '2022-05-24 21:57:11', NULL, NULL);
INSERT INTO `sys_dict_data` VALUES (78, 'auth_data_scope', '6', '仅本人数据权限', 5, 'N', '', '', '0', '权限-数据范围：仅本人数据权限', NULL, '2022-05-24 21:57:11', NULL, NULL);
INSERT INTO `sys_dict_data` VALUES (79, 'sys_source_type', '0', '读&写', 1, 'Y', '', 'blue', '0', '读&写', NULL, '2022-05-24 21:57:11', NULL, NULL);
INSERT INTO `sys_dict_data` VALUES (80, 'sys_source_type', '1', '只读', 2, 'N', '', 'green', '0', '只读', NULL, '2022-05-24 21:57:11', NULL, NULL);
INSERT INTO `sys_dict_data` VALUES (81, 'sys_source_type', '2', '只写', 3, 'N', '', 'red', '0', '只写', NULL, '2022-05-24 21:57:11', NULL, NULL);
INSERT INTO `sys_dict_data` VALUES (82, 'sys_database_type', '0', '子数据源', 1, 'Y', '', 'green', '0', '子数据源', NULL, '2022-05-24 21:57:11', NULL, NULL);
INSERT INTO `sys_dict_data` VALUES (83, 'sys_database_type', '1', '主数据源', 2, 'N', '', 'red', '0', '主数据源', NULL, '2022-05-24 21:57:11', NULL, NULL);
INSERT INTO `sys_dict_data` VALUES (84, 'te_configuration_type', '0', '自动配置', 1, 'N', '', '', '0', '配置类型：自动配置', NULL, '2022-05-24 21:57:11', NULL, NULL);
INSERT INTO `sys_dict_data` VALUES (85, 'te_configuration_type', '1', '手动配置', 2, 'N', '', '', '0', '配置类型：手动配置', NULL, '2022-05-24 21:57:11', NULL, NULL);
INSERT INTO `sys_dict_data` VALUES (86, 'gen_template_type', 'base', '单表', 1, 'Y', '', '', '0', '代码生成-模板类型：单表', NULL, '2022-05-24 21:57:11', NULL, NULL);
INSERT INTO `sys_dict_data` VALUES (87, 'gen_template_type', 'tree', '树表', 2, 'N', '', '', '0', '代码生成-模板类型：树表', NULL, '2022-05-24 21:57:11', NULL, NULL);
INSERT INTO `sys_dict_data` VALUES (88, 'gen_template_type', 'subBase', '主子表', 3, 'N', '', '', '0', '代码生成-模板类型：主子表', NULL, '2022-05-24 21:57:11', NULL, NULL);
INSERT INTO `sys_dict_data` VALUES (89, 'gen_template_type', 'subTree', '主子树表', 4, 'N', '', '', '0', '代码生成-模板类型：主子树表', NULL, '2022-05-24 21:57:11', NULL, NULL);
INSERT INTO `sys_dict_data` VALUES (90, 'gen_template_type', 'merge', '关联表', 5, 'N', '', '', '0', '代码生成-模板类型：关联表', NULL, '2022-05-24 21:57:11', NULL, NULL);
INSERT INTO `sys_dict_data` VALUES (91, 'gen_java_type', 'Long', 'Long', 0, 'N', '', '', '0', '代码生成-属性类型：Long', NULL, '2022-05-24 21:57:11', NULL, NULL);
INSERT INTO `sys_dict_data` VALUES (92, 'gen_java_type', 'String', 'String', 1, 'N', '', '', '0', '代码生成-属性类型：String', NULL, '2022-05-24 21:57:11', NULL, NULL);
INSERT INTO `sys_dict_data` VALUES (93, 'gen_java_type', 'Integer', 'Integer', 2, 'N', '', '', '0', '代码生成-属性类型：Integer', NULL, '2022-05-24 21:57:11', NULL, NULL);
INSERT INTO `sys_dict_data` VALUES (94, 'gen_java_type', 'Double', 'Double', 3, 'N', '', '', '0', '代码生成-属性类型：Double', NULL, '2022-05-24 21:57:11', NULL, NULL);
INSERT INTO `sys_dict_data` VALUES (95, 'gen_java_type', 'BigDecimal', 'BigDecimal', 4, 'N', '', '', '0', '代码生成-属性类型：BigDecimal', NULL, '2022-05-24 21:57:11', NULL, NULL);
INSERT INTO `sys_dict_data` VALUES (96, 'gen_java_type', 'LocalDateTime', 'LocalDateTime', 5, 'N', '', '', '0', '代码生成-属性类型：LocalDateTime', NULL, '2022-05-24 21:57:11', NULL, NULL);
INSERT INTO `sys_dict_data` VALUES (97, 'gen_query_type', 'eq', '=', 0, 'Y', '', '', '0', '代码生成-查询类型：=', NULL, '2022-05-24 21:57:11', NULL, NULL);
INSERT INTO `sys_dict_data` VALUES (98, 'gen_query_type', 'ne', '!=', 1, 'N', '', '', '0', '代码生成-查询类型：!=', NULL, '2022-05-24 21:57:11', NULL, NULL);
INSERT INTO `sys_dict_data` VALUES (99, 'gen_query_type', 'gt', '>', 2, 'N', '', '', '0', '代码生成-查询类型：>', NULL, '2022-05-24 21:57:11', NULL, NULL);
INSERT INTO `sys_dict_data` VALUES (100, 'gen_query_type', 'ge', '>=', 3, 'N', '', '', '0', '代码生成-查询类型：>=', NULL, '2022-05-24 21:57:11', NULL, NULL);
INSERT INTO `sys_dict_data` VALUES (101, 'gen_query_type', 'lt', '<', 4, 'N', '', '', '0', '代码生成-查询类型：<', NULL, '2022-05-24 21:57:11', NULL, NULL);
INSERT INTO `sys_dict_data` VALUES (102, 'gen_query_type', 'le', '<=', 5, 'N', '', '', '0', '代码生成-查询类型：<=', NULL, '2022-05-24 21:57:11', NULL, NULL);
INSERT INTO `sys_dict_data` VALUES (103, 'gen_query_type', 'like', 'LIKE', 6, 'N', '', '', '0', '代码生成-查询类型：LIKE', NULL, '2022-05-24 21:57:11', NULL, NULL);
INSERT INTO `sys_dict_data` VALUES (104, 'gen_query_type', 'notLike', 'NOT_LIKE', 7, 'N', '', '', '0', '代码生成-查询类型：NOT_LIKE', NULL, '2022-05-24 21:57:11', NULL, NULL);
INSERT INTO `sys_dict_data` VALUES (105, 'gen_query_type', 'likeLeft', 'LIKE_LEFT', 8, 'N', '', '', '0', '代码生成-查询类型：LIKE_LEFT', NULL, '2022-05-24 21:57:11', NULL, NULL);
INSERT INTO `sys_dict_data` VALUES (106, 'gen_query_type', 'likeRight', 'LIKE_RIGHT', 9, 'N', '', '', '0', '代码生成-查询类型：LIKE_RIGHT', NULL, '2022-05-24 21:57:11', NULL, NULL);
INSERT INTO `sys_dict_data` VALUES (107, 'gen_query_type', 'between', 'BETWEEN', 10, 'N', '', '', '0', '代码生成-查询类型：BETWEEN', NULL, '2022-05-24 21:57:11', NULL, NULL);
INSERT INTO `sys_dict_data` VALUES (108, 'gen_query_type', 'notBetween', 'NOT_BETWEEN', 11, 'N', '', '', '0', '代码生成-查询类型：NOT_BETWEEN', NULL, '2022-05-24 21:57:11', NULL, NULL);
INSERT INTO `sys_dict_data` VALUES (109, 'gen_query_type', 'isNull', 'ISNULL', 12, 'N', '', '', '0', '代码生成-查询类型：ISNULL', NULL, '2022-05-24 21:57:11', NULL, NULL);
INSERT INTO `sys_dict_data` VALUES (110, 'gen_query_type', 'isNotNull', 'IS_NOT_NULL', 13, 'N', '', '', '0', '代码生成-查询类型：IS_NOT_NULL', NULL, '2022-05-24 21:57:11', NULL, NULL);
INSERT INTO `sys_dict_data` VALUES (111, 'gen_display_type', 'Input', '文本框', 0, 'Y', '', '', '0', '代码生成-显示类型：文本框', NULL, '2022-05-24 21:57:11', NULL, NULL);
INSERT INTO `sys_dict_data` VALUES (112, 'gen_display_type', 'InputPassword', '密码框', 1, 'Y', '', '', '0', '代码生成-显示类型：密码框', NULL, '2022-05-24 21:57:11', NULL, NULL);
INSERT INTO `sys_dict_data` VALUES (113, 'gen_display_type', 'InputNumber', '数字输入框', 2, 'Y', '', '', '0', '代码生成-显示类型：数字输入框', NULL, '2022-05-24 21:57:11', NULL, NULL);
INSERT INTO `sys_dict_data` VALUES (114, 'gen_display_type', 'InputTextArea', '文本域', 3, 'N', '', '', '0', '代码生成-显示类型：文本域', NULL, '2022-05-24 21:57:11', NULL, NULL);
INSERT INTO `sys_dict_data` VALUES (115, 'gen_display_type', 'Select', '下拉框', 4, 'N', '', '', '0', '代码生成-显示类型：下拉框', NULL, '2022-05-24 21:57:11', NULL, NULL);
INSERT INTO `sys_dict_data` VALUES (116, 'gen_display_type', 'CheckboxGroup', '单选框', 5, 'N', '', '', '0', '代码生成-显示类型：单选框', NULL, '2022-05-24 21:57:11', NULL, NULL);
INSERT INTO `sys_dict_data` VALUES (117, 'gen_display_type', 'RadioButtonGroup', '按钮风格单选框', 6, 'N', '', '', '0', '代码生成-显示类型：按钮风格单选框', NULL, '2022-05-24 21:57:11', NULL, NULL);
INSERT INTO `sys_dict_data` VALUES (118, 'gen_display_type', 'RadioGroup', '复选框', 7, 'N', '', '', '0', '代码生成-显示类型：复选框', NULL, '2022-05-24 21:57:11', NULL, NULL);
INSERT INTO `sys_dict_data` VALUES (119, 'gen_display_type', 'DatePicker', '日期控件', 8, 'N', '', '', '0', '代码生成-显示类型：日期控件', NULL, '2022-05-24 21:57:11', NULL, NULL);
INSERT INTO `sys_dict_data` VALUES (120, 'gen_display_type', 'TimePicker', '时间控件', 9, 'N', '', '', '0', '代码生成-显示类型：时间控件', NULL, '2022-05-24 21:57:11', NULL, NULL);
INSERT INTO `sys_dict_data` VALUES (121, 'gen_display_type', 'ImageUpload', '图片上传', 10, 'N', '', '', '0', '代码生成-显示类型：图片上传', NULL, '2022-05-24 21:57:11', NULL, NULL);
INSERT INTO `sys_dict_data` VALUES (122, 'gen_display_type', 'Upload', '文件上传', 11, 'N', '', '', '0', '代码生成-显示类型：文件上传', NULL, '2022-05-24 21:57:11', NULL, NULL);
INSERT INTO `sys_dict_data` VALUES (123, 'gen_display_type', 'tinymce', '富文本控件', 12, 'N', '', '', '0', '代码生成-显示类型：富文本控件', NULL, '2022-05-24 21:57:11', NULL, NULL);
INSERT INTO `sys_dict_data` VALUES (124, 'gen_display_type', 'markdown', 'MarkDown编辑器控件', 13, 'N', '', '', '0', '代码生成-显示类型：MarkDown编辑器控件', NULL, '2022-05-24 21:57:11', NULL, NULL);
INSERT INTO `sys_dict_data` VALUES (125, 'gen_generation_mode', '0', 'zip压缩包', 0, 'Y', '', '', '0', '代码生成-生成方式：zip压缩包', NULL, '2022-05-24 21:57:11', NULL, NULL);
INSERT INTO `sys_dict_data` VALUES (126, 'gen_generation_mode', '1', '自定义路径', 1, 'N', '', '', '0', '代码生成-生成方式：自定义路径', NULL, '2022-05-24 21:57:11', NULL, NULL);
INSERT INTO `sys_dict_data` VALUES (127, 'gen_source_mode', 'Isolate', '策略源', 0, 'Y', '', '', '0', '代码生成-源策略模式：策略源', NULL, '2022-05-24 21:57:11', NULL, NULL);
INSERT INTO `sys_dict_data` VALUES (128, 'gen_source_mode', 'Master', '主数据源', 1, 'N', '', '', '0', '代码生成-源策略模式：主数据源', NULL, '2022-05-24 21:57:11', NULL, NULL);
COMMIT;

-- ----------------------------
-- Table structure for sys_dict_type
-- ----------------------------
DROP TABLE IF EXISTS `sys_dict_type`;
CREATE TABLE `sys_dict_type` (
  `id` bigint(20) NOT NULL AUTO_INCREMENT COMMENT '字典主键',
  `name` varchar(100) DEFAULT '' COMMENT '字典名称',
  `code` varchar(100) DEFAULT '' COMMENT '字典类型',
  `sort` int(10) unsigned NOT NULL DEFAULT 0 COMMENT '显示顺序',
  `status` char(1) NOT NULL DEFAULT '0' COMMENT '状态（0正常 1停用）',
  `remark` varchar(1000) DEFAULT NULL COMMENT '备注',
  `create_by` bigint(20) DEFAULT NULL COMMENT '创建者',
  `create_time` datetime DEFAULT current_timestamp() COMMENT '创建时间',
  `update_by` bigint(20) DEFAULT NULL COMMENT '更新者',
  `update_time` datetime DEFAULT NULL ON UPDATE current_timestamp() COMMENT '更新时间',
  PRIMARY KEY (`id`)
) ENGINE=InnoDB AUTO_INCREMENT=129 DEFAULT CHARSET=utf8mb4 COMMENT='字典类型表';

-- ----------------------------
-- Records of sys_dict_type
-- ----------------------------
BEGIN;
INSERT INTO `sys_dict_type` VALUES (100, '用户性别', 'sys_user_sex', 0, '0', '用户性别列表', NULL, '2022-05-24 21:57:11', NULL, NULL);
INSERT INTO `sys_dict_type` VALUES (101, '常规：显隐', 'sys_show_hide', 0, '0', '常规：显隐列表', NULL, '2022-05-24 21:57:11', NULL, NULL);
INSERT INTO `sys_dict_type` VALUES (102, '常规：公共私有', 'sys_common_private', 0, '0', '常规：公共私有列表', NULL, '2022-05-24 21:57:11', NULL, NULL);
INSERT INTO `sys_dict_type` VALUES (103, '系统开关', 'sys_normal_disable', 0, '0', '系统开关列表', NULL, '2022-05-24 21:57:11', NULL, NULL);
INSERT INTO `sys_dict_type` VALUES (104, '任务状态', 'sys_job_status', 0, '0', '任务状态列表', NULL, '2022-05-24 21:57:11', NULL, NULL);
INSERT INTO `sys_dict_type` VALUES (105, '任务策略', 'sys_job_policy', 0, '0', '任务策略列表', NULL, '2022-05-24 21:57:11', NULL, NULL);
INSERT INTO `sys_dict_type` VALUES (106, '任务并发', 'sys_job_concurrent', 0, '0', '任务并发列表', NULL, '2022-05-24 21:57:11', NULL, NULL);
INSERT INTO `sys_dict_type` VALUES (107, '任务分组', 'sys_job_group', 0, '0', '任务分组列表', NULL, '2022-05-24 21:57:11', NULL, NULL);
INSERT INTO `sys_dict_type` VALUES (108, '常规-是否', 'sys_yes_no', 0, '0', '常规：是否列表', NULL, '2022-05-24 21:57:11', NULL, NULL);
INSERT INTO `sys_dict_type` VALUES (109, '通知类型', 'sys_notice_type', 0, '0', '通知：类型列表', NULL, '2022-05-24 21:57:11', NULL, NULL);
INSERT INTO `sys_dict_type` VALUES (110, '通知状态', 'sys_notice_status', 0, '0', '通知：状态列表', NULL, '2022-05-24 21:57:11', NULL, NULL);
INSERT INTO `sys_dict_type` VALUES (111, '日志：操作类型', 'sys_operate_business', 0, '0', '日志：操作类型列表', NULL, '2022-05-24 21:57:11', NULL, NULL);
INSERT INTO `sys_dict_type` VALUES (112, '日志：操作类别', 'sys_operate_type', 0, '0', '日志：操作类别列表', NULL, '2022-05-24 21:57:11', NULL, NULL);
INSERT INTO `sys_dict_type` VALUES (113, '日志：操作状态', 'sys_operate_status', 0, '0', '日志：操作状态列表', NULL, '2022-05-24 21:57:11', NULL, NULL);
INSERT INTO `sys_dict_type` VALUES (114, '状态：成功失败', 'sys_message_status', 0, '0', '状态：成功失败列表', NULL, '2022-05-24 21:57:11', NULL, NULL);
INSERT INTO `sys_dict_type` VALUES (115, '字典：颜色', 'sys_dict_color', 0, '0', '字典：颜色列表', NULL, '2022-05-24 21:57:11', NULL, NULL);
INSERT INTO `sys_dict_type` VALUES (116, '授权类型', 'sys_grant_type', 0, '0', '授权类型列表', NULL, '2022-05-24 21:57:11', NULL, NULL);
INSERT INTO `sys_dict_type` VALUES (117, '权限：页面类型', 'auth_frame_type', 0, '0', '权限：页面类型列表', NULL, '2022-05-24 21:57:11', NULL, NULL);
INSERT INTO `sys_dict_type` VALUES (118, '权限：菜单类型', 'auth_menu_type', 0, '0', '权限：菜单类型列表', NULL, '2022-05-24 21:57:11', NULL, NULL);
INSERT INTO `sys_dict_type` VALUES (119, '权限：数据范围', 'auth_data_scope', 0, '0', '权限：数据范围列表', NULL, '2022-05-24 21:57:11', NULL, NULL);
INSERT INTO `sys_dict_type` VALUES (120, '读写类型', 'sys_source_type', 0, '0', '读写类型列表', NULL, '2022-05-24 21:57:11', NULL, NULL);
INSERT INTO `sys_dict_type` VALUES (121, '数据源类型', 'sys_database_type', 0, '0', '数据源类型列表', NULL, '2022-05-24 21:57:11', NULL, NULL);
INSERT INTO `sys_dict_type` VALUES (122, '配置类型', 'te_configuration_type', 0, '0', '配置类型列表', NULL, '2022-05-24 21:57:11', NULL, NULL);
INSERT INTO `sys_dict_type` VALUES (123, '代码生成：模板类型', 'gen_template_type', 0, '0', '代码生成：模板类型列表', NULL, '2022-05-24 21:57:11', NULL, NULL);
INSERT INTO `sys_dict_type` VALUES (124, '代码生成：属性类型', 'gen_java_type', 0, '0', '代码生成：属性类型列表', NULL, '2022-05-24 21:57:11', NULL, NULL);
INSERT INTO `sys_dict_type` VALUES (125, '代码生成：查询类型', 'gen_query_type', 0, '0', '代码生成：查询类型列表', NULL, '2022-05-24 21:57:11', NULL, NULL);
INSERT INTO `sys_dict_type` VALUES (126, '代码生成：显示类型', 'gen_display_type', 0, '0', '代码生成：显示类型列表', NULL, '2022-05-24 21:57:11', NULL, NULL);
INSERT INTO `sys_dict_type` VALUES (127, '代码生成：生成方式', 'gen_generation_mode', 0, '0', '代码生成：生成方式列表', NULL, '2022-05-24 21:57:11', NULL, NULL);
INSERT INTO `sys_dict_type` VALUES (128, '代码生成：源策略模式', 'gen_source_mode', 0, '0', '代码生成：源策略模式列表', NULL, '2022-05-24 21:57:11', NULL, NULL);
COMMIT;

-- ----------------------------
-- Table structure for sys_job
-- ----------------------------
DROP TABLE IF EXISTS `sys_job`;
CREATE TABLE `sys_job` (
  `id` bigint(20) NOT NULL COMMENT '任务Id',
  `name` varchar(64) DEFAULT '' COMMENT '任务名称',
  `job_group` varchar(64) DEFAULT 'DEFAULT' COMMENT '任务组名',
  `invoke_target` varchar(500) NOT NULL COMMENT '调用目标字符串',
  `invoke_tenant` varchar(500) NOT NULL COMMENT '调用租户字符串',
  `cron_expression` varchar(255) DEFAULT '' COMMENT 'cron执行表达式',
  `misfire_policy` varchar(20) DEFAULT '3' COMMENT '计划执行错误策略（0默认 1立即执行 2执行一次 3放弃执行）',
  `concurrent` char(1) DEFAULT '1' COMMENT '是否并发执行（0允许 1禁止）',
  `status` char(1) NOT NULL DEFAULT '0' COMMENT '状态（0正常 1暂停）',
  `remark` varchar(1000) DEFAULT NULL COMMENT '备注',
  `create_by` bigint(20) DEFAULT NULL COMMENT '创建者',
  `create_time` datetime DEFAULT current_timestamp() COMMENT '创建时间',
  `update_by` bigint(20) DEFAULT NULL COMMENT '更新者',
  `update_time` datetime DEFAULT NULL ON UPDATE current_timestamp() COMMENT '更新时间',
  `del_flag` tinyint(4) NOT NULL DEFAULT 0 COMMENT '删除标志(0正常 1删除)',
  `tenant_id` bigint(20) NOT NULL COMMENT '租户Id',
  PRIMARY KEY (`id`)
) ENGINE=InnoDB DEFAULT CHARSET=utf8mb4 COMMENT='定时任务调度表';

-- ----------------------------
-- Records of sys_job
-- ----------------------------
BEGIN;
INSERT INTO `sys_job` VALUES (1, '系统默认（无参）', 'DEFAULT', 'ryTask.ryNoParams', '1L, \'Y\', \'slave\'', '0/10 * * * * ?', '3', '1', '1', NULL, NULL, '2022-05-24 21:57:11', NULL, NULL, 0, 1);
INSERT INTO `sys_job` VALUES (2, '系统默认（有参）', 'DEFAULT', 'ryTask.ryParams(\'ry\')', '1L, \'Y\', \'slave\'', '0/15 * * * * ?', '3', '1', '1', NULL, NULL, '2022-05-24 21:57:11', NULL, NULL, 0, 1);
INSERT INTO `sys_job` VALUES (3, '系统默认（多参）', 'DEFAULT', 'ryTask.ryMultipleParams(\'ry\', true, 2000L, 316.50D, 100)', '1L, \'Y\', \'slave\'', '0/20 * * * * ?', '3', '1', '1', NULL, NULL, '2022-05-24 21:57:11', NULL, NULL, 0, 1);
COMMIT;

-- ----------------------------
-- Table structure for sys_job_log
-- ----------------------------
DROP TABLE IF EXISTS `sys_job_log`;
CREATE TABLE `sys_job_log` (
  `id` bigint(20) NOT NULL AUTO_INCREMENT COMMENT '任务日志Id',
  `job_id` bigint(20) NOT NULL COMMENT '任务Id',
  `name` varchar(64) NOT NULL COMMENT '任务名称',
  `job_group` varchar(64) NOT NULL COMMENT '任务组名',
  `invoke_target` varchar(500) NOT NULL COMMENT '调用目标字符串',
  `invoke_tenant` varchar(500) NOT NULL COMMENT '调用租户字符串',
  `job_message` varchar(500) DEFAULT NULL COMMENT '日志信息',
  `status` char(1) NOT NULL DEFAULT '0' COMMENT '执行状态（0正常 1失败）',
  `exception_info` varchar(2000) DEFAULT '' COMMENT '异常信息',
  `create_time` datetime DEFAULT current_timestamp() COMMENT '创建时间',
  `del_time` datetime DEFAULT NULL ON UPDATE current_timestamp() COMMENT '删除时间',
  `del_flag` tinyint(4) NOT NULL DEFAULT 0 COMMENT '删除标志(0正常 1删除)',
  `tenant_id` bigint(20) NOT NULL COMMENT '租户Id',
  PRIMARY KEY (`id`)
) ENGINE=InnoDB DEFAULT CHARSET=utf8mb4 COMMENT='定时任务调度日志表';

-- ----------------------------
-- Records of sys_job_log
-- ----------------------------
BEGIN;
COMMIT;

-- ----------------------------
-- Table structure for sys_menu
-- ----------------------------
DROP TABLE IF EXISTS `sys_menu`;
CREATE TABLE `sys_menu` (
  `id` bigint(20) NOT NULL COMMENT '菜单Id',
  `parent_id` bigint(20) NOT NULL DEFAULT 0 COMMENT '父菜单Id',
  `name` varchar(100) NOT NULL COMMENT '菜单名称',
  `title` varchar(50) NOT NULL COMMENT '菜单标题 | 多语言',
  `ancestors` varchar(2000) DEFAULT '' COMMENT '祖级列表',
  `path` varchar(200) DEFAULT NULL COMMENT '路由地址',
  `frame_src` varchar(200) DEFAULT NULL COMMENT '外链地址 | 仅页面类型为外链时生效',
  `component` varchar(255) DEFAULT NULL COMMENT '组件路径',
  `param_path` varchar(255) DEFAULT NULL COMMENT '路由参数',
  `transition_name` varchar(255) DEFAULT NULL COMMENT '路由切换动画',
  `ignore_route` char(1) NOT NULL DEFAULT 'N' COMMENT '是否忽略路由（Y是 N否）',
  `is_cache` char(1) NOT NULL DEFAULT 'N' COMMENT '是否缓存（Y是 N否）',
  `is_affix` char(1) NOT NULL DEFAULT 'N' COMMENT '是否固定标签（Y是 N否）',
  `is_disabled` char(1) NOT NULL DEFAULT 'N' COMMENT '是否禁用（Y是 N否）',
  `frame_type` char(1) NOT NULL DEFAULT '0' COMMENT '页面类型（0常规 1内嵌 2外链）',
  `menu_type` char(1) NOT NULL COMMENT '菜单类型（M目录 C菜单 X详情 F按钮）',
  `hide_tab` char(1) NOT NULL DEFAULT '0' COMMENT '标签显隐状态（0显示 1隐藏）',
  `hide_menu` char(1) NOT NULL DEFAULT '0' COMMENT '菜单显隐状态（0显示 1隐藏）',
  `hide_breadcrumb` char(1) NOT NULL DEFAULT '0' COMMENT '面包屑路由显隐状态（0显示 1隐藏）',
  `hide_children` char(1) NOT NULL DEFAULT '0' COMMENT '子菜单显隐状态（0显示 1隐藏）',
  `hide_path_for_children` char(1) NOT NULL DEFAULT '0' COMMENT '是否在子级菜单的完整path中忽略本级path（0显示 1隐藏）',
  `dynamic_level` int(11) NOT NULL DEFAULT 1 COMMENT '详情页可打开Tab页数',
  `real_path` varchar(255) DEFAULT NULL COMMENT '详情页的实际Path',
  `perms` varchar(100) DEFAULT NULL COMMENT '权限标识',
  `icon` varchar(100) DEFAULT NULL COMMENT '菜单图标',
  `sort` int(10) unsigned NOT NULL DEFAULT 0 COMMENT '显示顺序',
  `status` char(1) NOT NULL DEFAULT '0' COMMENT '状态（0正常 1停用）',
  `remark` varchar(1000) DEFAULT NULL COMMENT '备注',
  `create_by` bigint(20) DEFAULT NULL COMMENT '创建者',
  `create_time` datetime DEFAULT current_timestamp() COMMENT '创建时间',
  `update_by` bigint(20) DEFAULT NULL COMMENT '更新者',
  `update_time` datetime DEFAULT NULL ON UPDATE current_timestamp() COMMENT '更新时间',
  `is_common` char(1) NOT NULL DEFAULT '1' COMMENT '公共菜单（0公共 1私有）',
  `is_default` char(1) NOT NULL DEFAULT 'N' COMMENT '默认菜单（Y是 N否）',
  `del_flag` tinyint(4) NOT NULL DEFAULT 0 COMMENT '删除标志(0正常 1删除)',
  `module_id` bigint(20) NOT NULL COMMENT '模块Id',
  `tenant_id` bigint(20) NOT NULL COMMENT '租户Id',
  PRIMARY KEY (`id`),
  UNIQUE KEY `name` (`name`)
) ENGINE=InnoDB DEFAULT CHARSET=utf8mb4 COMMENT='菜单权限表';

-- ----------------------------
-- Records of sys_menu
-- ----------------------------
BEGIN;
INSERT INTO `sys_menu` VALUES (0, 0, 'd346c7dbf265416086dbe2951a7465b2', '默认菜单', '', 'default', NULL, NULL, NULL, NULL, 'N', 'N', 'N', 'N', '0', 'M', '0', '0', '0', '0', '0', 1, NULL, NULL, '', 1, '0', '目录:默认菜单', NULL, '2022-05-24 21:57:11', NULL, NULL, '0', 'Y', 0, 1, 0);
INSERT INTO `sys_menu` VALUES (13000000, 0, '4be0456e05a7422d9f1c82fb7bf19377', '组织管理', '0', 'organize', NULL, '', NULL, NULL, 'N', 'N', 'N', 'N', '0', 'M', '0', '0', '0', '0', '0', 1, NULL, '', 'ant-design:apartment-outlined', 1, '0', '目录:组织管理', NULL, '2022-05-24 21:57:11', NULL, NULL, '0', 'Y', 0, 1, 0);
INSERT INTO `sys_menu` VALUES (13010000, 13000000, '0a612ebdfaa64ea4b8fd8cfd787042ea', '部门管理', '0,13000000', 'dept', NULL, 'system/organize/dept/index', NULL, NULL, 'N', 'N', 'N', 'N', '0', 'C', '0', '0', '0', '0', '0', 1, NULL, 'organize:dept:list', 'ant-design:partition-outlined', 1, '0', '菜单:部门管理', NULL, '2022-05-24 21:57:11', NULL, NULL, '0', 'Y', 0, 1, 0);
INSERT INTO `sys_menu` VALUES (13010100, 13010000, 'c67c9520af2c48d89e1bae0d2a0342d1', '部门详情', '0,13000000,13010000', 'deptDetail/:id', NULL, 'system/organize/dept/DeptDetail', NULL, NULL, 'N', 'Y', 'N', 'N', '0', 'X', '0', '1', '0', '0', '0', 5, NULL, 'organize:dept:single', NULL, 1, '0', '详情:部门详情', NULL, '2022-05-24 21:57:11', NULL, NULL, '0', 'Y', 0, 1, 0);
INSERT INTO `sys_menu` VALUES (13010200, 13010000, '5e50660b195a49c4860607aec14fc330', '部门新增', '0,13000000,13010000', NULL, NULL, NULL, NULL, NULL, 'N', 'N', 'N', 'N', '0', 'F', '0', '0', '0', '0', '0', 1, NULL, 'organize:dept:add', NULL, 2, '0', '按钮:部门新增', NULL, '2022-05-24 21:57:11', NULL, NULL, '0', 'Y', 0, 1, 0);
INSERT INTO `sys_menu` VALUES (13010300, 13010000, 'ad0a108f2c35433daf1864cf4cf93b64', '部门修改', '0,13000000,13010000', NULL, NULL, NULL, NULL, NULL, 'N', 'N', 'N', 'N', '0', 'F', '0', '0', '0', '0', '0', 1, NULL, 'organize:dept:edit', NULL, 3, '0', '按钮:部门修改', NULL, '2022-05-24 21:57:11', NULL, NULL, '0', 'Y', 0, 1, 0);
INSERT INTO `sys_menu` VALUES (13010400, 13010000, 'df7b77ef91c8433f97a9848ebe9b714b', '部门修改状态', '0,13000000,13010000', NULL, NULL, NULL, NULL, NULL, 'N', 'N', 'N', 'N', '0', 'F', '0', '0', '0', '0', '0', 1, NULL, 'organize:dept:es', NULL, 3, '0', '按钮:部门修改状态', NULL, '2022-05-24 21:57:11', NULL, NULL, '0', 'Y', 0, 1, 0);
INSERT INTO `sys_menu` VALUES (13010500, 13010000, 'a4c9cb1f239744b6bc7e6c5f11ba3268', '部门权限分配', '0,13000000,13010000', NULL, NULL, NULL, NULL, NULL, 'N', 'N', 'N', 'N', '0', 'F', '0', '0', '0', '0', '0', 1, NULL, 'organize:dept:auth', NULL, 5, '0', '按钮:部门权限分配', NULL, '2022-05-24 21:57:11', NULL, NULL, '0', 'Y', 0, 1, 0);
INSERT INTO `sys_menu` VALUES (13010600, 13010000, '83a7e4bafb154a938b2c67d7f3e540d5', '部门删除', '0,13000000,13010000', NULL, NULL, NULL, NULL, NULL, 'N', 'N', 'N', 'N', '0', 'F', '0', '0', '0', '0', '0', 1, NULL, 'organize:dept:delete', NULL, 6, '0', '按钮:部门删除', NULL, '2022-05-24 21:57:11', NULL, NULL, '0', 'Y', 0, 1, 0);
INSERT INTO `sys_menu` VALUES (13010700, 13010000, 'ba6fe94f191649468a35d1799efedd56', '部门导入', '0,13000000,13010000', NULL, NULL, NULL, NULL, NULL, 'N', 'N', 'N', 'N', '0', 'F', '0', '0', '0', '0', '0', 1, NULL, 'organize:dept:import', NULL, 7, '0', '按钮:部门导入', NULL, '2022-05-24 21:57:11', NULL, NULL, '0', 'Y', 0, 1, 0);
INSERT INTO `sys_menu` VALUES (13010800, 13010000, 'd3ae0d58b37d4bd6bd38db6a5ccefe7e', '部门导出', '0,13000000,13010000', NULL, NULL, NULL, NULL, NULL, 'N', 'N', 'N', 'N', '0', 'F', '0', '0', '0', '0', '0', 1, NULL, 'organize:dept:export', NULL, 8, '0', '按钮:部门导出', NULL, '2022-05-24 21:57:11', NULL, NULL, '0', 'Y', 0, 1, 0);
INSERT INTO `sys_menu` VALUES (13020000, 13000000, 'ecdcabe9c00a408796626a83d0129fdb', '岗位管理', '0,13000000', 'post', NULL, 'system/organize/post/index', NULL, NULL, 'N', 'N', 'N', 'N', '0', 'C', '0', '0', '0', '0', '0', 1, NULL, 'organize:post:list', 'ant-design:idcard-outlined', 2, '0', '菜单:岗位管理', NULL, '2022-05-24 21:57:11', NULL, NULL, '0', 'Y', 0, 1, 0);
INSERT INTO `sys_menu` VALUES (13020100, 13020000, '270eab9abe6a4e58b8c06d1339b46009', '岗位详情', '0,13000000,13020000', 'postDetail/:id', NULL, 'system/organize/post/PostDetail', NULL, NULL, 'N', 'Y', 'N', 'N', '0', 'X', '0', '1', '0', '0', '0', 5, NULL, 'organize:post:single', NULL, 1, '0', '详情:岗位详情', NULL, '2022-05-24 21:57:11', NULL, NULL, '0', 'Y', 0, 1, 0);
INSERT INTO `sys_menu` VALUES (13020200, 13020000, '5ee95c2e5af8481ca6346faa82974251', '岗位新增', '0,13000000,13020000', NULL, NULL, NULL, NULL, NULL, 'N', 'N', 'N', 'N', '0', 'F', '0', '0', '0', '0', '0', 1, NULL, 'organize:post:add', NULL, 3, '0', '按钮:岗位新增', NULL, '2022-05-24 21:57:11', NULL, NULL, '0', 'Y', 0, 1, 0);
INSERT INTO `sys_menu` VALUES (13020300, 13020000, '082b9043d201490badbb403e2de9d0e1', '岗位修改', '0,13000000,13020000', NULL, NULL, NULL, NULL, NULL, 'N', 'N', 'N', 'N', '0', 'F', '0', '0', '0', '0', '0', 1, NULL, 'organize:post:edit', NULL, 4, '0', '按钮:岗位修改', NULL, '2022-05-24 21:57:11', NULL, NULL, '0', 'Y', 0, 1, 0);
INSERT INTO `sys_menu` VALUES (13020400, 13020000, '6a9ffc830afd4f3d8f74a047d0619e0f', '岗位修改状态', '0,13000000,13020000', NULL, NULL, NULL, NULL, NULL, 'N', 'N', 'N', 'N', '0', 'F', '0', '0', '0', '0', '0', 1, NULL, 'organize:post:es', NULL, 5, '0', '按钮:岗位修改状态', NULL, '2022-05-24 21:57:11', NULL, NULL, '0', 'Y', 0, 1, 0);
INSERT INTO `sys_menu` VALUES (13020500, 13020000, '1af7167de8ba4f819149956fe5f166e9', '岗位权限分配', '0,13000000,13020000', NULL, NULL, NULL, NULL, NULL, 'N', 'N', 'N', 'N', '0', 'F', '0', '0', '0', '0', '0', 1, NULL, 'organize:post:auth', NULL, 5, '0', '按钮:岗位权限分配', NULL, '2022-05-24 21:57:11', NULL, NULL, '0', 'Y', 0, 1, 0);
INSERT INTO `sys_menu` VALUES (13020600, 13020000, 'baf3aa4d771a4ac5b80c0192ae52964b', '岗位删除', '0,13000000,13020000', NULL, NULL, NULL, NULL, NULL, 'N', 'N', 'N', 'N', '0', 'F', '0', '0', '0', '0', '0', 1, NULL, 'organize:post:delete', NULL, 6, '0', '按钮:岗位删除', NULL, '2022-05-24 21:57:11', NULL, NULL, '0', 'Y', 0, 1, 0);
INSERT INTO `sys_menu` VALUES (13020700, 13020000, 'f41ed2a5ba68445f9084bb6f2dee5db6', '岗位导入', '0,13000000,13020000', NULL, NULL, NULL, NULL, NULL, 'N', 'N', 'N', 'N', '0', 'F', '0', '0', '0', '0', '0', 1, NULL, 'organize:post:import', NULL, 7, '0', '按钮:岗位导入', NULL, '2022-05-24 21:57:11', NULL, NULL, '0', 'Y', 0, 1, 0);
INSERT INTO `sys_menu` VALUES (13020800, 13020000, 'a5c252aace4243eea2c5102ea14e347a', '岗位导出', '0,13000000,13020000', NULL, NULL, NULL, NULL, NULL, 'N', 'N', 'N', 'N', '0', 'F', '0', '0', '0', '0', '0', 1, NULL, 'organize:post:export', NULL, 8, '0', '按钮:岗位导出', NULL, '2022-05-24 21:57:11', NULL, NULL, '0', 'Y', 0, 1, 0);
INSERT INTO `sys_menu` VALUES (13030000, 13000000, 'f450bb13df9f42618ecbe62c46346d3e', '用户管理', '0,13000000', 'user', NULL, 'system/organize/user/index', NULL, NULL, 'N', 'N', 'N', 'N', '0', 'C', '0', '0', '0', '0', '0', 1, NULL, 'organize:user:list', 'ant-design:user-outlined', 3, '0', '菜单:用户管理', NULL, '2022-05-24 21:57:11', NULL, NULL, '0', 'Y', 0, 1, 0);
INSERT INTO `sys_menu` VALUES (13030100, 13030000, '3584b9c409ab49b79b2888936de01a2d', '用户详情', '0,13000000,13030000', 'userDetail/:id', NULL, 'system/organize/user/UserDetail', NULL, NULL, 'N', 'Y', 'N', 'N', '0', 'X', '0', '1', '0', '0', '0', 5, NULL, 'organize:user:single', NULL, 1, '0', '详情:用户详情', NULL, '2022-05-24 21:57:11', NULL, NULL, '0', 'Y', 0, 1, 0);
INSERT INTO `sys_menu` VALUES (13030200, 13030000, '679d5eccf32d43639898d6d5a347d643', '用户新增', '0,13000000,13030000', NULL, NULL, NULL, NULL, NULL, 'N', 'N', 'N', 'N', '0', 'F', '0', '0', '0', '0', '0', 1, NULL, 'organize:user:add', NULL, 3, '0', '按钮:用户新增', NULL, '2022-05-24 21:57:11', NULL, NULL, '0', 'Y', 0, 1, 0);
INSERT INTO `sys_menu` VALUES (13030300, 13030000, 'bc20a8b4c70f42ada4666269cc6a7624', '用户修改', '0,13000000,13030000', NULL, NULL, NULL, NULL, NULL, 'N', 'N', 'N', 'N', '0', 'F', '0', '0', '0', '0', '0', 1, NULL, 'organize:user:edit', NULL, 4, '0', '按钮:用户修改', NULL, '2022-05-24 21:57:11', NULL, NULL, '0', 'Y', 0, 1, 0);
INSERT INTO `sys_menu` VALUES (13030400, 13030000, '5fb9a4cbaa1f4059aff2f22ff02a78f0', '用户修改状态', '0,13000000,13030000', NULL, NULL, NULL, NULL, NULL, 'N', 'N', 'N', 'N', '0', 'F', '0', '0', '0', '0', '0', 1, NULL, 'organize:user:es', NULL, 5, '0', '按钮:用户修改状态', NULL, '2022-05-24 21:57:11', NULL, NULL, '0', 'Y', 0, 1, 0);
INSERT INTO `sys_menu` VALUES (13030500, 13030000, 'b0d4e749c5eb49bdb3634fc5d4e57ecc', '用户权限分配', '0,13000000,13030000', NULL, NULL, NULL, NULL, NULL, 'N', 'N', 'N', 'N', '0', 'F', '0', '0', '0', '0', '0', 1, NULL, 'organize:user:auth', NULL, 5, '0', '按钮:用户权限分配', NULL, '2022-05-24 21:57:11', NULL, NULL, '0', 'Y', 0, 1, 0);
INSERT INTO `sys_menu` VALUES (13030600, 13030000, '6669f111d1974ec28b82e830ad2195c2', '用户删除', '0,13000000,13030000', NULL, NULL, NULL, NULL, NULL, 'N', 'N', 'N', 'N', '0', 'F', '0', '0', '0', '0', '0', 1, NULL, 'organize:user:delete', NULL, 6, '0', '按钮:用户删除', NULL, '2022-05-24 21:57:11', NULL, NULL, '0', 'Y', 0, 1, 0);
INSERT INTO `sys_menu` VALUES (13030700, 13030000, '2527782114544c53acdff12dc8e09a34', '用户导入', '0,13000000,13030000', NULL, NULL, NULL, NULL, NULL, 'N', 'N', 'N', 'N', '0', 'F', '0', '0', '0', '0', '0', 1, NULL, 'organize:user:import', NULL, 7, '0', '按钮:用户导入', NULL, '2022-05-24 21:57:11', NULL, NULL, '0', 'Y', 0, 1, 0);
INSERT INTO `sys_menu` VALUES (13030800, 13030000, 'abc1c9ec3a73477184384bbfc37cf8a6', '用户导出', '0,13000000,13030000', NULL, NULL, NULL, NULL, NULL, 'N', 'N', 'N', 'N', '0', 'F', '0', '0', '0', '0', '0', 1, NULL, 'organize:user:export', NULL, 8, '0', '按钮:用户导出', NULL, '2022-05-24 21:57:11', NULL, NULL, '0', 'Y', 0, 1, 0);
INSERT INTO `sys_menu` VALUES (13030900, 13030000, 'a79774cd4205485c9e5ea9c36be41573', '用户密码重置', '0,13000000,13030000', NULL, NULL, NULL, NULL, NULL, 'N', 'N', 'N', 'N', '0', 'F', '0', '0', '0', '0', '0', 1, NULL, 'organize:user:rp', NULL, 5, '0', '按钮:用户密码修改', NULL, '2022-05-24 21:57:11', NULL, NULL, '0', 'Y', 0, 1, 0);
INSERT INTO `sys_menu` VALUES (14000000, 0, '61ac2678fa5a4cd7977c118114ff1828', '权限管理', '0', 'authority', NULL, '', NULL, NULL, 'N', 'N', 'N', 'N', '0', 'M', '0', '0', '0', '0', '0', 1, NULL, '', 'ant-design:safety-certificate-outlined', 2, '0', '目录:权限管理', NULL, '2022-05-24 21:57:11', NULL, NULL, '0', 'Y', 0, 1, 0);
INSERT INTO `sys_menu` VALUES (14010000, 14000000, '7fdc19cde2494105b5b1ee951a560904', '模块管理', '0,14000000', 'module', NULL, 'system/authority/module/index', NULL, NULL, 'N', 'N', 'N', 'N', '0', 'C', '0', '0', '0', '0', '0', 1, NULL, 'authority:module:list', 'ant-design:appstore-add-outlined', 1, '0', '菜单:模块管理', NULL, '2022-05-24 21:57:11', NULL, NULL, '0', 'Y', 0, 1, 0);
INSERT INTO `sys_menu` VALUES (14010100, 14010000, 'b6aeef72800e4082ace3673e454a66b6', '模块详情', '0,14000000,14010000', 'moduleDetail/:id', NULL, 'system/authority/module/ModuleDetail', NULL, NULL, 'N', 'Y', 'N', 'N', '0', 'X', '0', '1', '0', '0', '0', 5, NULL, 'authority:module:single', NULL, 1, '0', '详情:模块详情', NULL, '2022-05-24 21:57:11', NULL, NULL, '0', 'Y', 0, 1, 0);
INSERT INTO `sys_menu` VALUES (14010200, 14010000, '96047ce6aead414bab788070a65abab9', '模块新增', '0,14000000,14010000', NULL, NULL, NULL, NULL, NULL, 'N', 'N', 'N', 'N', '0', 'F', '0', '0', '0', '0', '0', 1, NULL, 'authority:module:add', NULL, 2, '0', '按钮:模块新增', NULL, '2022-05-24 21:57:11', NULL, NULL, '0', 'Y', 0, 1, 0);
INSERT INTO `sys_menu` VALUES (14010300, 14010000, 'ec5c9fc0b5ba4c9794f5b87b031c3104', '模块修改', '0,14000000,14010000', NULL, NULL, NULL, NULL, NULL, 'N', 'N', 'N', 'N', '0', 'F', '0', '0', '0', '0', '0', 1, NULL, 'authority:module:edit', NULL, 3, '0', '按钮:模块修改', NULL, '2022-05-24 21:57:11', NULL, NULL, '0', 'Y', 0, 1, 0);
INSERT INTO `sys_menu` VALUES (14010400, 14010000, 'ca53bb0ac4524d58baf1e647e0d0da68', '模块修改状态', '0,14000000,14010000', NULL, NULL, NULL, NULL, NULL, 'N', 'N', 'N', 'N', '0', 'F', '0', '0', '0', '0', '0', 1, NULL, 'authority:module:es', NULL, 4, '0', '按钮:模块修改状态', NULL, '2022-05-24 21:57:11', NULL, NULL, '0', 'Y', 0, 1, 0);
INSERT INTO `sys_menu` VALUES (14010500, 14010000, '37a9b9cc2bcf4e7a98ea535526b3a597', '模块删除', '0,14000000,14010000', NULL, NULL, NULL, NULL, NULL, 'N', 'N', 'N', 'N', '0', 'F', '0', '0', '0', '0', '0', 1, NULL, 'authority:module:delete', NULL, 5, '0', '按钮:模块删除', NULL, '2022-05-24 21:57:11', NULL, NULL, '0', 'Y', 0, 1, 0);
INSERT INTO `sys_menu` VALUES (14010600, 14010000, '01e246c784d04ef1951b2cade43e104b', '模块导入', '0,14000000,14010000', NULL, NULL, NULL, NULL, NULL, 'N', 'N', 'N', 'N', '0', 'F', '0', '0', '0', '0', '0', 1, NULL, 'authority:module:import', NULL, 6, '0', '按钮:模块导入', NULL, '2022-05-24 21:57:11', NULL, NULL, '0', 'Y', 0, 1, 0);
INSERT INTO `sys_menu` VALUES (14010700, 14010000, '559dae9283fb41178ee16ca5f7838ac7', '模块导出', '0,14000000,14010000', NULL, NULL, NULL, NULL, NULL, 'N', 'N', 'N', 'N', '0', 'F', '0', '0', '0', '0', '0', 1, NULL, 'authority:module:export', NULL, 7, '0', '按钮:模块导出', NULL, '2022-05-24 21:57:11', NULL, NULL, '0', 'Y', 0, 1, 0);
INSERT INTO `sys_menu` VALUES (14020000, 14000000, 'bba8d25857ec45f38a8946c8c74182c2', '菜单管理', '0,14000000', 'menu', NULL, 'system/authority/menu/index', NULL, NULL, 'N', 'N', 'N', 'N', '0', 'C', '0', '0', '0', '0', '0', 1, NULL, 'authority:menu:list', 'ant-design:bars-outlined', 2, '0', '菜单:菜单管理', NULL, '2022-05-24 21:57:11', NULL, NULL, '0', 'Y', 0, 1, 0);
INSERT INTO `sys_menu` VALUES (14020100, 14020000, '5e4b17aeae124b91b7bad8f4dd11b7b4', '菜单详情', '0,14000000,14020000', 'menuDetail/:id', NULL, 'system/authority/menu/MenuDetail', NULL, NULL, 'N', 'Y', 'N', 'N', '0', 'X', '0', '1', '0', '0', '0', 5, NULL, 'authority:menu:single', NULL, 1, '0', '详情:菜单详情', NULL, '2022-05-24 21:57:11', NULL, NULL, '0', 'Y', 0, 1, 0);
INSERT INTO `sys_menu` VALUES (14020200, 14020000, 'a1ea4b626a104a5380a6a2ba3eddcd2e', '菜单新增', '0,14000000,14020000', NULL, NULL, NULL, NULL, NULL, 'N', 'N', 'N', 'N', '0', 'F', '0', '0', '0', '0', '0', 1, NULL, 'authority:menu:add', NULL, 2, '0', '按钮:菜单新增', NULL, '2022-05-24 21:57:11', NULL, NULL, '0', 'Y', 0, 1, 0);
INSERT INTO `sys_menu` VALUES (14020300, 14020000, 'af5e2c3864eb4ef3a602f3d5619a53d4', '菜单修改', '0,14000000,14020000', NULL, NULL, NULL, NULL, NULL, 'N', 'N', 'N', 'N', '0', 'F', '0', '0', '0', '0', '0', 1, NULL, 'authority:menu:edit', NULL, 3, '0', '按钮:菜单修改', NULL, '2022-05-24 21:57:11', NULL, NULL, '0', 'Y', 0, 1, 0);
INSERT INTO `sys_menu` VALUES (14020400, 14020000, '69ebe38822d54e81b828c36a8dfdb479', '菜单修改状态', '0,14000000,14020000', NULL, NULL, NULL, NULL, NULL, 'N', 'N', 'N', 'N', '0', 'F', '0', '0', '0', '0', '0', 1, NULL, 'authority:menu:es', NULL, 4, '0', '按钮:菜单修改状态', NULL, '2022-05-24 21:57:11', NULL, NULL, '0', 'Y', 0, 1, 0);
INSERT INTO `sys_menu` VALUES (14020500, 14020000, 'ed7bdf2e22244a72b3963e9750d2df98', '菜单删除', '0,14000000,14020000', NULL, NULL, NULL, NULL, NULL, 'N', 'N', 'N', 'N', '0', 'F', '0', '0', '0', '0', '0', 1, NULL, 'authority:menu:delete', NULL, 5, '0', '按钮:菜单删除', NULL, '2022-05-24 21:57:11', NULL, NULL, '0', 'Y', 0, 1, 0);
INSERT INTO `sys_menu` VALUES (14020600, 14020000, 'ae18f8022bf74bf991c0711db16e3acc', '菜单导入', '0,14000000,14020000', NULL, NULL, NULL, NULL, NULL, 'N', 'N', 'N', 'N', '0', 'F', '0', '0', '0', '0', '0', 1, NULL, 'authority:menu:import', NULL, 6, '0', '按钮:菜单导入', NULL, '2022-05-24 21:57:11', NULL, NULL, '0', 'Y', 0, 1, 0);
INSERT INTO `sys_menu` VALUES (14020700, 14020000, '1c08bd6fa572486f805d7cea86d1d644', '菜单导出', '0,14000000,14020000', NULL, NULL, NULL, NULL, NULL, 'N', 'N', 'N', 'N', '0', 'F', '0', '0', '0', '0', '0', 1, NULL, 'authority:menu:export', NULL, 7, '0', '按钮:菜单导出', NULL, '2022-05-24 21:57:11', NULL, NULL, '0', 'Y', 0, 1, 0);
INSERT INTO `sys_menu` VALUES (14030000, 14000000, '88c136711d98441699a6013ef27a356a', '角色管理', '0,14000000', 'role', NULL, 'system/authority/role/index', NULL, NULL, 'N', 'N', 'N', 'N', '0', 'C', '0', '0', '0', '0', '0', 1, NULL, 'authority:role:list', 'ant-design:team-outlined', 3, '0', '菜单:角色管理', NULL, '2022-05-24 21:57:11', NULL, NULL, '0', 'Y', 0, 1, 0);
INSERT INTO `sys_menu` VALUES (14030100, 14030000, '458c8e2ae43e47059b978504dd363a94', '角色详情', '0,14000000,14030000', 'roleDetail/:id', NULL, 'system/authority/role/RoleDetail', NULL, NULL, 'N', 'Y', 'N', 'N', '0', 'X', '0', '1', '0', '0', '0', 5, NULL, 'authority:role:single', NULL, 1, '0', '详情:角色详情', NULL, '2022-05-24 21:57:11', NULL, NULL, '0', 'Y', 0, 1, 0);
INSERT INTO `sys_menu` VALUES (14030200, 14030000, '949497ca68724eb18f43b550c4c4bf5d', '角色新增', '0,14000000,14030000', NULL, NULL, NULL, NULL, NULL, 'N', 'N', 'N', 'N', '0', 'F', '0', '0', '0', '0', '0', 1, NULL, 'authority:role:add', NULL, 2, '0', '按钮:角色新增', NULL, '2022-05-24 21:57:11', NULL, NULL, '0', 'Y', 0, 1, 0);
INSERT INTO `sys_menu` VALUES (14030300, 14030000, '77604dc9a47b4cc296e9f41cb76f81f5', '角色修改', '0,14000000,14030000', NULL, NULL, NULL, NULL, NULL, 'N', 'N', 'N', 'N', '0', 'F', '0', '0', '0', '0', '0', 1, NULL, 'authority:role:edit', NULL, 3, '0', '按钮:角色修改', NULL, '2022-05-24 21:57:11', NULL, NULL, '0', 'Y', 0, 1, 0);
INSERT INTO `sys_menu` VALUES (14030400, 14030000, 'ed3d7dfa06424f1abe271058aa3abbd9', '角色修改状态', '0,14000000,14030000', NULL, NULL, NULL, NULL, NULL, 'N', 'N', 'N', 'N', '0', 'F', '0', '0', '0', '0', '0', 1, NULL, 'authority:role:es', NULL, 4, '0', '按钮:角色修改状态', NULL, '2022-05-24 21:57:11', NULL, NULL, '0', 'Y', 0, 1, 0);
INSERT INTO `sys_menu` VALUES (14030500, 14030000, '8bd13d9c71624e60a288d424a6a96670', '角色权限分配', '0,14000000,14030000', NULL, NULL, NULL, NULL, NULL, 'N', 'N', 'N', 'N', '0', 'F', '0', '0', '0', '0', '0', 1, NULL, 'authority:role:auth', NULL, 5, '0', '按钮:角色权限分配', NULL, '2022-05-24 21:57:11', NULL, NULL, '0', 'Y', 0, 1, 0);
INSERT INTO `sys_menu` VALUES (14030600, 14030000, '54dc750a6076494ebc40e62b5d775db7', '角色删除', '0,14000000,14030000', NULL, NULL, NULL, NULL, NULL, 'N', 'N', 'N', 'N', '0', 'F', '0', '0', '0', '0', '0', 1, NULL, 'authority:role:delete', NULL, 6, '0', '按钮:角色删除', NULL, '2022-05-24 21:57:11', NULL, NULL, '0', 'Y', 0, 1, 0);
INSERT INTO `sys_menu` VALUES (14030700, 14030000, '0cc43f7717ca4e2a9b0d8e4631fe1451', '角色导入', '0,14000000,14030000', NULL, NULL, NULL, NULL, NULL, 'N', 'N', 'N', 'N', '0', 'F', '0', '0', '0', '0', '0', 1, NULL, 'authority:role:import', NULL, 7, '0', '按钮:角色导入', NULL, '2022-05-24 21:57:11', NULL, NULL, '0', 'Y', 0, 1, 0);
INSERT INTO `sys_menu` VALUES (14030800, 14030000, '8982c4c0b99f45b1a34c1cd146e6a116', '角色导出', '0,14000000,14030000', NULL, NULL, NULL, NULL, NULL, 'N', 'N', 'N', 'N', '0', 'F', '0', '0', '0', '0', '0', 1, NULL, 'authority:role:export', NULL, 8, '0', '按钮:角色导出', NULL, '2022-05-24 21:57:11', NULL, NULL, '0', 'Y', 0, 1, 0);
INSERT INTO `sys_menu` VALUES (15000000, 0, 'de6e93785ba944e1bde5538e92bd7b91', '公告管理', '0', 'notice', NULL, '', NULL, NULL, 'N', 'N', 'N', 'N', '0', 'M', '0', '0', '0', '0', '0', 1, NULL, '', 'ant-design:schedule-outlined', 3, '0', '目录:公告管理', NULL, '2022-05-24 21:57:11', NULL, NULL, '0', 'Y', 0, 1, 0);
INSERT INTO `sys_menu` VALUES (15010000, 15000000, 'b7214522d55c4f1ebd381859dc6774bb', '通知公告', '0,15000000', 'notice', NULL, 'system/notice/notice/index', NULL, NULL, 'N', 'N', 'N', 'N', '0', 'C', '0', '0', '0', '0', '0', 1, NULL, 'system:notice:list', 'ant-design:notification-outlined', 1, '0', '菜单:通知公告管理', NULL, '2022-05-24 21:57:11', NULL, NULL, '0', 'Y', 0, 1, 0);
INSERT INTO `sys_menu` VALUES (15010100, 15010000, '3b77bf3ae1264e5a960262cd898a9279', '通知公告详情', '0,15000000,15010000', 'noticeDetail/:id', NULL, 'system/notice/notice/NoticeDetail', NULL, NULL, 'N', 'Y', 'N', 'N', '0', 'X', '0', '1', '0', '0', '0', 5, NULL, 'system:notice:single', NULL, 1, '0', '详情:通知公告详情', NULL, '2022-05-24 21:57:11', NULL, NULL, '0', 'Y', 0, 1, 0);
INSERT INTO `sys_menu` VALUES (15010200, 15010000, '9d21b1e6c2134ac9943db2d1ffa4d61f', '通知公告新增', '0,15000000,15010000', NULL, NULL, NULL, NULL, NULL, 'N', 'N', 'N', 'N', '0', 'F', '0', '0', '0', '0', '0', 1, NULL, 'system:notice:add', NULL, 2, '0', '按钮:通知公告新增', NULL, '2022-05-24 21:57:11', NULL, NULL, '0', 'Y', 0, 1, 0);
INSERT INTO `sys_menu` VALUES (15010300, 15010000, '04b84309c6544e20bf40df26349b4212', '通知公告修改', '0,15000000,15010000', NULL, NULL, NULL, NULL, NULL, 'N', 'N', 'N', 'N', '0', 'F', '0', '0', '0', '0', '0', 1, NULL, 'system:notice:edit', NULL, 3, '0', '按钮:通知公告修改', NULL, '2022-05-24 21:57:11', NULL, NULL, '0', 'Y', 0, 1, 0);
INSERT INTO `sys_menu` VALUES (15010400, 15010000, '4de8d945df96492ea79bcc1d98100051', '通知公告修改状态', '0,15000000,15010000', NULL, NULL, NULL, NULL, NULL, 'N', 'N', 'N', 'N', '0', 'F', '0', '0', '0', '0', '0', 1, NULL, 'system:notice:es', NULL, 4, '0', '按钮:通知公告修改状态', NULL, '2022-05-24 21:57:11', NULL, NULL, '0', 'Y', 0, 1, 0);
INSERT INTO `sys_menu` VALUES (15010500, 15010000, '010e949049864492b046883b8571063d', '通知公告删除', '0,15000000,15010000', NULL, NULL, NULL, NULL, NULL, 'N', 'N', 'N', 'N', '0', 'F', '0', '0', '0', '0', '0', 1, NULL, 'system:notice:delete', NULL, 5, '0', '按钮:通知公告删除', NULL, '2022-05-24 21:57:11', NULL, NULL, '0', 'Y', 0, 1, 0);
INSERT INTO `sys_menu` VALUES (15010600, 15010000, 'fb58b0e282154fe8802342fd4c0e14cf', '通知公告导入', '0,15000000,15010000', NULL, NULL, NULL, NULL, NULL, 'N', 'N', 'N', 'N', '0', 'F', '0', '0', '0', '0', '0', 1, NULL, 'system:notice:import', NULL, 6, '0', '按钮:通知公告导入', NULL, '2022-05-24 21:57:11', NULL, NULL, '0', 'Y', 0, 1, 0);
INSERT INTO `sys_menu` VALUES (15010700, 15010000, '257064a1e547431bbfec47d5be281e67', '通知公告导出', '0,15000000,15010000', NULL, NULL, NULL, NULL, NULL, 'N', 'N', 'N', 'N', '0', 'F', '0', '0', '0', '0', '0', 1, NULL, 'system:notice:export', NULL, 7, '0', '按钮:通知公告导出', NULL, '2022-05-24 21:57:11', NULL, NULL, '0', 'Y', 0, 1, 0);
INSERT INTO `sys_menu` VALUES (16000000, 0, 'fa8965418a3540a99a62c805a4616e59', '系统管理', '0', 'system', NULL, '', NULL, NULL, 'N', 'N', 'N', 'N', '0', 'M', '0', '0', '0', '0', '0', 1, NULL, '', 'ant-design:control-outlined', 4, '0', '目录:系统管理', NULL, '2022-05-24 21:57:11', NULL, NULL, '0', 'Y', 0, 1, 0);
INSERT INTO `sys_menu` VALUES (16010000, 16000000, '60a02b15ddcf45eab582a0c57af6ae62', '定时任务', '0,16000000', 'job', NULL, 'system/system/job/index', NULL, NULL, 'N', 'N', 'N', 'N', '0', 'C', '0', '0', '0', '0', '0', 1, NULL, 'schedule:job:list', 'ant-design:field-time-outlined', 1, '0', '菜单:定时任务管理', NULL, '2022-05-24 21:57:11', NULL, NULL, '0', 'Y', 0, 1, 0);
INSERT INTO `sys_menu` VALUES (16010100, 16010000, '101aeea275ce4c61b0652491f75125c0', '定时任务详情', '0,16000000,16010000', 'jobDetail/:id', NULL, 'system/system/job/JobDetail', NULL, NULL, 'N', 'Y', 'N', 'N', '0', 'X', '0', '1', '0', '0', '0', 5, NULL, 'schedule:job:single', NULL, 1, '0', '详情:定时任务详情', NULL, '2022-05-24 21:57:11', NULL, NULL, '0', 'Y', 0, 1, 0);
INSERT INTO `sys_menu` VALUES (16010200, 16010000, 'c48c23456ed144719fe6d0e35d9e8ddf', '调度日志', '0,16000000,16010000', 'jobLogDetail/:id', NULL, 'system/system/jobLog/index', NULL, NULL, 'N', 'Y', 'N', 'N', '0', 'X', '0', '1', '0', '0', '0', 5, NULL, 'schedule:job:list', NULL, 2, '0', '详情:调度日志', NULL, '2022-05-24 21:57:11', NULL, NULL, '0', 'Y', 0, 1, 0);
INSERT INTO `sys_menu` VALUES (16010300, 16010000, '099a0d943a604d0198516e5f6766ac04', '定时任务新增', '0,16000000,16010000', NULL, NULL, NULL, NULL, NULL, 'N', 'N', 'N', 'N', '0', 'F', '0', '0', '0', '0', '0', 1, NULL, 'schedule:job:add', NULL, 3, '0', '按钮:定时任务新增', NULL, '2022-05-24 21:57:11', NULL, NULL, '0', 'Y', 0, 1, 0);
INSERT INTO `sys_menu` VALUES (16010400, 16010000, '0acf6076acca4ff689f3df52161099e7', '定时任务修改', '0,16000000,16010000', NULL, NULL, NULL, NULL, NULL, 'N', 'N', 'N', 'N', '0', 'F', '0', '0', '0', '0', '0', 1, NULL, 'schedule:job:edit', NULL, 4, '0', '按钮:定时任务修改', NULL, '2022-05-24 21:57:11', NULL, NULL, '0', 'Y', 0, 1, 0);
INSERT INTO `sys_menu` VALUES (16010500, 16010000, '83398a4cd3ce4aa1a26a00b0b8a7612b', '定时任务修改状态', '0,16000000,16010000', NULL, NULL, NULL, NULL, NULL, 'N', 'N', 'N', 'N', '0', 'F', '0', '0', '0', '0', '0', 1, NULL, 'schedule:job:es', NULL, 5, '0', '按钮:定时任务修改状态', NULL, '2022-05-24 21:57:11', NULL, NULL, '0', 'Y', 0, 1, 0);
INSERT INTO `sys_menu` VALUES (16010600, 16010000, '96bdff8d31be422b89cafb64d22ffd2c', '定时任务删除', '0,16000000,16010000', NULL, NULL, NULL, NULL, NULL, 'N', 'N', 'N', 'N', '0', 'F', '0', '0', '0', '0', '0', 1, NULL, 'schedule:job:delete', NULL, 6, '0', '按钮:定时任务删除', NULL, '2022-05-24 21:57:11', NULL, NULL, '0', 'Y', 0, 1, 0);
INSERT INTO `sys_menu` VALUES (16010700, 16010000, 'f53b8a8b511b470f836bc2b92450e641', '定时任务导入', '0,16000000,16010000', NULL, NULL, NULL, NULL, NULL, 'N', 'N', 'N', 'N', '0', 'F', '0', '0', '0', '0', '0', 1, NULL, 'schedule:job:import', NULL, 7, '0', '按钮:定时任务导入', NULL, '2022-05-24 21:57:11', NULL, NULL, '0', 'Y', 0, 1, 0);
INSERT INTO `sys_menu` VALUES (16010800, 16010000, 'd693fa7ca6b74ee9a2b4c87d0b3a2e8a', '定时任务导出', '0,16000000,16010000', NULL, NULL, NULL, NULL, NULL, 'N', 'N', 'N', 'N', '0', 'F', '0', '0', '0', '0', '0', 1, NULL, 'schedule:job:export', NULL, 8, '0', '按钮:定时任务导出', NULL, '2022-05-24 21:57:11', NULL, NULL, '0', 'Y', 0, 1, 0);
INSERT INTO `sys_menu` VALUES (17000000, 0, 'e24afc855afc485d961b865d5d999811', '系统监控', '0', 'monitor', NULL, '', NULL, NULL, 'N', 'N', 'N', 'N', '0', 'M', '0', '0', '0', '0', '0', 1, NULL, '', 'ant-design:eye-outlined', 5, '0', '目录:系统监控', NULL, '2022-05-24 21:57:11', NULL, NULL, '0', 'Y', 0, 1, 0);
INSERT INTO `sys_menu` VALUES (17010000, 17000000, 'f4a053ab18c84a82be6b2f04d3adaaac', '在线用户', '0,17000000', 'online', NULL, 'system/monitor/online/index', NULL, NULL, 'N', 'N', 'N', 'N', '0', 'C', '0', '0', '0', '0', '0', 1, NULL, 'monitor:online:list', 'ant-design:contacts-outlined', 1, '0', '菜单:在线用户管理', NULL, '2022-05-24 21:57:11', NULL, NULL, '0', 'Y', 0, 1, 0);
INSERT INTO `sys_menu` VALUES (17010100, 17010000, '6829ff5c29894306b2d4fa0d6769e6e6', '在线用户强退', '0,17000000,17010000', NULL, NULL, NULL, NULL, NULL, 'N', 'N', 'N', 'N', '0', 'F', '0', '0', '0', '0', '0', 1, NULL, 'monitor:online:forceLogout', NULL, 1, '0', '按钮:在线用户强退', NULL, '2022-05-24 21:57:11', NULL, NULL, '0', 'Y', 0, 1, 0);
INSERT INTO `sys_menu` VALUES (17020000, 17000000, '693be0ee3df14643ba93acf1b0e2df97', '日志管理', '0,17000000', 'log', NULL, '', NULL, NULL, 'N', 'N', 'N', 'N', '0', 'M', '0', '0', '0', '0', '0', 1, NULL, '', 'ant-design:file-text-outlined', 2, '0', '目录:日志管理', NULL, '2022-05-24 21:57:11', NULL, NULL, '0', 'Y', 0, 1, 0);
INSERT INTO `sys_menu` VALUES (17020100, 17020000, '89d2de0ab59248a59f41d097a41517b5', '登录日志', '0,17000000,17020000', 'loginLog', NULL, 'system/monitor/loginLog/index', NULL, NULL, 'N', 'N', 'N', 'N', '0', 'C', '0', '0', '0', '0', '0', 1, NULL, 'monitor:loginLog:list', 'ant-design:contacts-outlined', 3, '0', '菜单:登录日志', NULL, '2022-05-24 21:57:11', NULL, NULL, '0', 'Y', 0, 1, 0);
INSERT INTO `sys_menu` VALUES (17020101, 17020100, '10afaa52d5be4a9ca9de5da3567d3d47', '登录日志删除', '0,17000000,17020000,17020100', NULL, NULL, NULL, NULL, NULL, 'N', 'N', 'N', 'N', '0', 'F', '0', '0', '0', '0', '0', 1, NULL, 'monitor:loginLog:delete', NULL, 1, '0', '按钮:登录日志删除', NULL, '2022-05-24 21:57:11', NULL, NULL, '0', 'Y', 0, 1, 0);
INSERT INTO `sys_menu` VALUES (17020102, 17020100, 'f29ae2f1ec794de992109776f46743cc', '登录日志导出', '0,17000000,17020000,17020100', NULL, NULL, NULL, NULL, NULL, 'N', 'N', 'N', 'N', '0', 'F', '0', '0', '0', '0', '0', 1, NULL, 'monitor:loginLog:export', NULL, 2, '0', '按钮:登录日志导出', NULL, '2022-05-24 21:57:11', NULL, NULL, '0', 'Y', 0, 1, 0);
INSERT INTO `sys_menu` VALUES (17020200, 17020000, '7a3b5c396f8647499a9c9cd97712324a', '操作日志', '0,17000000,17020000', 'operateLog', NULL, 'system/monitor/operateLog/index', NULL, NULL, 'N', 'N', 'N', 'N', '0', 'C', '0', '0', '0', '0', '0', 1, NULL, 'monitor:operateLog:list', 'ant-design:contacts-twotone', 4, '0', '菜单:操作日志管理', NULL, '2022-05-24 21:57:11', NULL, NULL, '0', 'Y', 0, 1, 0);
INSERT INTO `sys_menu` VALUES (17020201, 17020000, '8b4266f509f748baac4f86739d7bb8c9', '操作日志详情', '0,17000000,17020000,17020200', NULL, NULL, NULL, NULL, NULL, 'N', 'N', 'N', 'N', '0', 'F', '0', '0', '0', '0', '0', 1, NULL, 'monitor:operateLog:add', NULL, 1, '0', '按钮:操作日志详情', NULL, '2022-05-24 21:57:11', NULL, NULL, '0', 'Y', 0, 1, 0);
INSERT INTO `sys_menu` VALUES (17020202, 17020000, '8340af3b5dcc44e2837ef92e7de4da9d', '操作日志删除', '0,17000000,17020000,17020200', NULL, NULL, NULL, NULL, NULL, 'N', 'N', 'N', 'N', '0', 'F', '0', '0', '0', '0', '0', 1, NULL, 'monitor:operateLog:delete', NULL, 2, '0', '按钮:操作日志删除', NULL, '2022-05-24 21:57:11', NULL, NULL, '0', 'Y', 0, 1, 0);
INSERT INTO `sys_menu` VALUES (17020203, 17020000, '05598058a8794251b454025d863c6daa', '操作日志导出', '0,17000000,17020000,17020200', NULL, NULL, NULL, NULL, NULL, 'N', 'N', 'N', 'N', '0', 'F', '0', '0', '0', '0', '0', 1, NULL, 'monitor:operateLog:export', NULL, 3, '0', '按钮:操作日志导出', NULL, '2022-05-24 21:57:11', NULL, NULL, '0', 'Y', 0, 1, 0);
INSERT INTO `sys_menu` VALUES (21000000, 0, '65a261f21077447fa28db33268f5ae82', '租户管理', '0', 'tenant', NULL, '', NULL, NULL, 'N', 'N', 'N', 'N', '0', 'M', '0', '0', '0', '0', '0', 1, NULL, '', 'ant-design:bank-outlined', 7, '0', '目录:租户管理', NULL, '2022-05-24 21:57:11', NULL, NULL, '0', 'Y', 0, 2, 0);
INSERT INTO `sys_menu` VALUES (21010000, 21000000, '0109cdb290144529a5153737dc5e93d6', '租户管理', '0,21000000', 'tenant', NULL, 'tenant/tenant/tenant/index', NULL, NULL, 'N', 'N', 'N', 'N', '0', 'C', '0', '0', '0', '0', '0', 1, NULL, 'tenant:tenant:list', 'ant-design:shop-twotone', 1, '0', '菜单:租户管理', NULL, '2022-05-24 21:57:11', NULL, NULL, '0', 'Y', 0, 2, 0);
INSERT INTO `sys_menu` VALUES (21010100, 21010000, 'a535eb84b07049f685005bb1c83a0981', '租户详情', '0,21000000,21010000', 'tenantDetail/:id', NULL, 'tenant/tenant/tenant/TenantDetail', NULL, NULL, 'N', 'Y', 'N', 'N', '0', 'X', '0', '1', '0', '0', '0', 5, NULL, 'tenant:tenant:single', NULL, 1, '0', '详情:租户详情', NULL, '2022-05-24 21:57:11', NULL, NULL, '0', 'Y', 0, 2, 0);
INSERT INTO `sys_menu` VALUES (21010200, 21010000, '942dfd9e742c4392beae3e5618769d5d', '租户新增', '0,21000000,21010000', NULL, NULL, NULL, NULL, NULL, 'N', 'N', 'N', 'N', '0', 'F', '0', '0', '0', '0', '0', 1, NULL, 'tenant:tenant:add', NULL, 2, '0', '按钮:租户新增', NULL, '2022-05-24 21:57:11', NULL, NULL, '0', 'Y', 0, 2, 0);
INSERT INTO `sys_menu` VALUES (21010300, 21010000, '9c081b0a1fea467fb2349145fa6b49fd', '租户修改', '0,21000000,21010000', NULL, NULL, NULL, NULL, NULL, 'N', 'N', 'N', 'N', '0', 'F', '0', '0', '0', '0', '0', 1, NULL, 'tenant:tenant:edit', NULL, 3, '0', '按钮:租户修改', NULL, '2022-05-24 21:57:11', NULL, NULL, '0', 'Y', 0, 2, 0);
INSERT INTO `sys_menu` VALUES (21010400, 21010000, '2ee5caad992d4a73b402931c038e21cf', '租户修改状态', '0,21000000,21010000', NULL, NULL, NULL, NULL, NULL, 'N', 'N', 'N', 'N', '0', 'F', '0', '0', '0', '0', '0', 1, NULL, 'tenant:tenant:es', NULL, 4, '0', '按钮:租户修改状态', NULL, '2022-05-24 21:57:11', NULL, NULL, '0', 'Y', 0, 2, 0);
INSERT INTO `sys_menu` VALUES (21010500, 21010000, 'dfd3f200a5c145c88b90c78bb91312a3', '租户权限分配', '0,21000000,21010000', NULL, NULL, NULL, NULL, NULL, 'N', 'N', 'N', 'N', '0', 'F', '0', '0', '0', '0', '0', 1, NULL, 'tenant:tenant:auth', NULL, 5, '0', '按钮:租户权限分配', NULL, '2022-05-24 21:57:11', NULL, NULL, '0', 'Y', 0, 2, 0);
INSERT INTO `sys_menu` VALUES (21010600, 21010000, '9398fdb1f5e34d52ba0df19a4ac66a5c', '租户删除', '0,21000000,21010000', NULL, NULL, NULL, NULL, NULL, 'N', 'N', 'N', 'N', '0', 'F', '0', '0', '0', '0', '0', 1, NULL, 'tenant:tenant:delete', NULL, 6, '0', '按钮:租户删除', NULL, '2022-05-24 21:57:11', NULL, NULL, '0', 'Y', 0, 2, 0);
INSERT INTO `sys_menu` VALUES (21010700, 21010000, '77eab2f22c0944e1a3e544787e21c874', '租户导入', '0,21000000,21010000', NULL, NULL, NULL, NULL, NULL, 'N', 'N', 'N', 'N', '0', 'F', '0', '0', '0', '0', '0', 1, NULL, 'tenant:tenant:import', NULL, 7, '0', '按钮:租户导入', NULL, '2022-05-24 21:57:11', NULL, NULL, '0', 'Y', 0, 2, 0);
INSERT INTO `sys_menu` VALUES (21010800, 21010000, '72dd64db42fb42d8ac4851d28a4d4946', '租户导出', '0,21000000,21010000', NULL, NULL, NULL, NULL, NULL, 'N', 'N', 'N', 'N', '0', 'F', '0', '0', '0', '0', '0', 1, NULL, 'tenant:tenant:export', NULL, 8, '0', '按钮:租户导出', NULL, '2022-05-24 21:57:11', NULL, NULL, '0', 'Y', 0, 2, 0);
INSERT INTO `sys_menu` VALUES (21020000, 21000000, '6b1f5a23273f4be2a7aeaaec16d5a972', '源策略管理', '0,21000000', 'strategy', NULL, 'tenant/tenant/strategy/index', NULL, NULL, 'N', 'N', 'N', 'N', '0', 'C', '0', '0', '0', '0', '0', 1, NULL, 'tenant:strategy:list', 'ant-design:code-sandbox-outlined', 2, '0', '菜单:数据源策略管理', NULL, '2022-05-24 21:57:11', NULL, NULL, '0', 'Y', 0, 2, 0);
INSERT INTO `sys_menu` VALUES (21020100, 21020000, 'bb6ecc8a720a4793bd93c6d060abd4d0', '源策略详情', '0,21000000,21020000', 'strategyDetail/:id', NULL, 'tenant/tenant/strategy/StrategyDetail', NULL, NULL, 'N', 'Y', 'N', 'N', '0', 'X', '0', '1', '0', '0', '0', 5, NULL, 'tenant:strategy:single', NULL, 1, '0', '详情:数据源策略详情', NULL, '2022-05-24 21:57:11', NULL, NULL, '0', 'Y', 0, 2, 0);
INSERT INTO `sys_menu` VALUES (21020200, 21020000, 'eb999cfc3b924c5d9973cfd3d24ee221', '源策略新增', '0,21000000,21020000', NULL, NULL, NULL, NULL, NULL, 'N', 'N', 'N', 'N', '0', 'F', '0', '0', '0', '0', '0', 1, NULL, 'tenant:strategy:add', NULL, 2, '0', '按钮:数据源策略新增', NULL, '2022-05-24 21:57:11', NULL, NULL, '0', 'Y', 0, 2, 0);
INSERT INTO `sys_menu` VALUES (21020300, 21020000, '7063e7b32edb49769dbf4a66c69470c6', '源策略修改', '0,21000000,21020000', NULL, NULL, NULL, NULL, NULL, 'N', 'N', 'N', 'N', '0', 'F', '0', '0', '0', '0', '0', 1, NULL, 'tenant:strategy:edit', NULL, 3, '0', '按钮:数据源策略修改', NULL, '2022-05-24 21:57:11', NULL, NULL, '0', 'Y', 0, 2, 0);
INSERT INTO `sys_menu` VALUES (21020400, 21020000, '303eb6f1190e4f288f6019a5197f0de6', '源策略修改状态', '0,21000000,21020000', NULL, NULL, NULL, NULL, NULL, 'N', 'N', 'N', 'N', '0', 'F', '0', '0', '0', '0', '0', 1, NULL, 'tenant:strategy:es', NULL, 4, '0', '按钮:数据源策略修改状态', NULL, '2022-05-24 21:57:11', NULL, NULL, '0', 'Y', 0, 2, 0);
INSERT INTO `sys_menu` VALUES (21020500, 21020000, '4866eca79112480c8791ab3b01acc15a', '源策略删除', '0,21000000,21020000', NULL, NULL, NULL, NULL, NULL, 'N', 'N', 'N', 'N', '0', 'F', '0', '0', '0', '0', '0', 1, NULL, 'tenant:strategy:delete', NULL, 5, '0', '按钮:数据源策略删除', NULL, '2022-05-24 21:57:11', NULL, NULL, '0', 'Y', 0, 2, 0);
INSERT INTO `sys_menu` VALUES (21020600, 21020000, '7fc8f11b95cd497ab8b93f1d93107124', '源策略导入', '0,21000000,21020000', NULL, NULL, NULL, NULL, NULL, 'N', 'N', 'N', 'N', '0', 'F', '0', '0', '0', '0', '0', 1, NULL, 'tenant:strategy:import', NULL, 6, '0', '按钮:数据源策略导入', NULL, '2022-05-24 21:57:11', NULL, NULL, '0', 'Y', 0, 2, 0);
INSERT INTO `sys_menu` VALUES (21020700, 21020000, '6fe711d2c5b648149f52e5e8a1be809a', '源策略导出', '0,21000000,21020000', NULL, NULL, NULL, NULL, NULL, 'N', 'N', 'N', 'N', '0', 'F', '0', '0', '0', '0', '0', 1, NULL, 'tenant:strategy:export', NULL, 7, '0', '按钮:数据源策略导出', NULL, '2022-05-24 21:57:11', NULL, NULL, '0', 'Y', 0, 2, 0);
INSERT INTO `sys_menu` VALUES (21030000, 21000000, 'eebe7073cbe54614baec1507c90795a5', '数据源管理', '0,21000000', 'source', NULL, 'tenant/source/source/index', NULL, NULL, 'N', 'N', 'N', 'N', '0', 'C', '0', '0', '0', '0', '0', 1, NULL, 'tenant:source:list', 'ant-design:link-outlined', 3, '0', '菜单:数据源管理', NULL, '2022-05-24 21:57:11', NULL, NULL, '0', 'Y', 0, 2, 0);
INSERT INTO `sys_menu` VALUES (21030100, 21030000, '55b4eab094a540a6b0ad4584108566ef', '数据源详情', '0,21000000,21030000', 'sourceDetail/:id', NULL, 'tenant/source/source/SourceDetail', NULL, NULL, 'N', 'Y', 'N', 'N', '0', 'X', '0', '1', '0', '0', '0', 5, NULL, 'tenant:source:single', NULL, 1, '0', '详情:数据源详情', NULL, '2022-05-24 21:57:11', NULL, NULL, '0', 'Y', 0, 2, 0);
INSERT INTO `sys_menu` VALUES (21030200, 21030000, '2f8484ccb4944f5780535c5a6835fe65', '数据源新增', '0,21000000,21030000', NULL, NULL, NULL, NULL, NULL, 'N', 'N', 'N', 'N', '0', 'F', '0', '0', '0', '0', '0', 1, NULL, 'tenant:source:add', NULL, 2, '0', '按钮:数据源新增', NULL, '2022-05-24 21:57:11', NULL, NULL, '0', 'Y', 0, 2, 0);
INSERT INTO `sys_menu` VALUES (21030300, 21030000, '558308f42a1e4a269fa9fa33b294d730', '数据源修改', '0,21000000,21030000', NULL, NULL, NULL, NULL, NULL, 'N', 'N', 'N', 'N', '0', 'F', '0', '0', '0', '0', '0', 1, NULL, 'tenant:source:edit', NULL, 3, '0', '按钮:数据源修改', NULL, '2022-05-24 21:57:11', NULL, NULL, '0', 'Y', 0, 2, 0);
INSERT INTO `sys_menu` VALUES (21030400, 21030000, '7a4d22dd4a1a4a51818408d516ca6b04', '数据源修改状态', '0,21000000,21030000', NULL, NULL, NULL, NULL, NULL, 'N', 'N', 'N', 'N', '0', 'F', '0', '0', '0', '0', '0', 1, NULL, 'tenant:source:es', NULL, 4, '0', '按钮:数据源修改状态', NULL, '2022-05-24 21:57:11', NULL, NULL, '0', 'Y', 0, 2, 0);
INSERT INTO `sys_menu` VALUES (21030500, 21030000, '6d55a92a567c423cb6efc7dcba120821', '数据源删除', '0,21000000,21030000', NULL, NULL, NULL, NULL, NULL, 'N', 'N', 'N', 'N', '0', 'F', '0', '0', '0', '0', '0', 1, NULL, 'tenant:source:delete', NULL, 5, '0', '按钮:数据源删除', NULL, '2022-05-24 21:57:11', NULL, NULL, '0', 'Y', 0, 2, 0);
INSERT INTO `sys_menu` VALUES (21030600, 21030000, 'c06e8f136c704ca686527d9f1ad6b983', '数据源导入', '0,21000000,21030000', NULL, NULL, NULL, NULL, NULL, 'N', 'N', 'N', 'N', '0', 'F', '0', '0', '0', '0', '0', 1, NULL, 'tenant:source:import', NULL, 6, '0', '按钮:数据源导入', NULL, '2022-05-24 21:57:11', NULL, NULL, '0', 'Y', 0, 2, 0);
INSERT INTO `sys_menu` VALUES (21030700, 21030000, '0ce47238e4794f709985a0f8505756a7', '数据源导出', '0,21000000,21030000', NULL, NULL, NULL, NULL, NULL, 'N', 'N', 'N', 'N', '0', 'F', '0', '0', '0', '0', '0', 1, NULL, 'tenant:source:export', NULL, 7, '0', '按钮:数据源导出', NULL, '2022-05-24 21:57:11', NULL, NULL, '0', 'Y', 0, 2, 0);
INSERT INTO `sys_menu` VALUES (22000000, 0, 'fe8bad86fdf34ed7ab584887e1e0f786', '系统管理', '0', 'system', NULL, '', NULL, NULL, 'N', 'N', 'N', 'N', '0', 'M', '0', '0', '0', '0', '0', 1, NULL, '', 'ant-design:key-outlined', 8, '0', '目录:系统管理', NULL, '2022-05-24 21:57:11', NULL, NULL, '0', 'Y', 0, 2, 0);
INSERT INTO `sys_menu` VALUES (22010000, 22000000, 'b08569b9c6044608913cae26f427f842', '字典管理', '0,22000000', 'dictType', NULL, 'tenant/dict/dictType/index', NULL, NULL, 'N', 'N', 'N', 'N', '0', 'C', '0', '0', '0', '0', '0', 1, NULL, 'dict:dict:list', 'ant-design:file-text-outlined', 1, '0', '菜单:字典管理', NULL, '2022-05-24 21:57:11', NULL, NULL, '0', 'Y', 0, 2, 0);
INSERT INTO `sys_menu` VALUES (22010100, 22010000, 'bf7ca66a708f4ee88d5e58df65b558fb', '字典详情', '0,22000000,22010000', 'dictTypeDetail/:id', NULL, 'tenant/dict/dictType/DictTypeDetail', NULL, NULL, 'N', 'Y', 'N', 'N', '0', 'X', '0', '1', '0', '0', '0', 5, NULL, 'dict:dict:single', NULL, 1, '0', '详情:字典详情', NULL, '2022-05-24 21:57:11', NULL, NULL, '0', 'Y', 0, 2, 0);
INSERT INTO `sys_menu` VALUES (22010200, 22010000, '71b7dcc4d4a74f5fb78b1d4457c6829e', '字典新增', '0,22000000,22010000', NULL, NULL, NULL, NULL, NULL, 'N', 'N', 'N', 'N', '0', 'F', '0', '0', '0', '0', '0', 1, NULL, 'dict:dict:add', NULL, 2, '0', '按钮:字典新增', NULL, '2022-05-24 21:57:11', NULL, NULL, '0', 'Y', 0, 2, 0);
INSERT INTO `sys_menu` VALUES (22010300, 22010000, '72f4012cdc744c048367c50de2bf603b', '字典数据', '0,22000000,22010000', 'dictDataDetail/:code', NULL, 'tenant/dict/dictData/index', NULL, NULL, 'N', 'Y', 'N', 'N', '0', 'X', '0', '1', '0', '0', '0', 1, NULL, 'dict:dict:dict', NULL, 3, '0', '按钮:字典数据', NULL, '2022-05-24 21:57:11', NULL, NULL, '0', 'Y', 0, 2, 0);
INSERT INTO `sys_menu` VALUES (22010400, 22010000, '2df41ed5aed44909ab4ea3f66ea5f4d4', '字典修改', '0,22000000,22010000', NULL, NULL, NULL, NULL, NULL, 'N', 'N', 'N', 'N', '0', 'F', '0', '0', '0', '0', '0', 1, NULL, 'dict:dict:edit', NULL, 4, '0', '按钮:字典修改', NULL, '2022-05-24 21:57:11', NULL, NULL, '0', 'Y', 0, 2, 0);
INSERT INTO `sys_menu` VALUES (22010500, 22010000, 'bfa0a7b8d5be4189acf8933b4dd9bf94', '字典修改状态', '0,22000000,22010000', NULL, NULL, NULL, NULL, NULL, 'N', 'N', 'N', 'N', '0', 'F', '0', '0', '0', '0', '0', 1, NULL, 'dict:dict:es', NULL, 5, '0', '按钮:字典修改状态', NULL, '2022-05-24 21:57:11', NULL, NULL, '0', 'Y', 0, 2, 0);
INSERT INTO `sys_menu` VALUES (22010600, 22010000, '8808bad6108546439e560ead38715aba', '字典删除', '0,22000000,22010000', NULL, NULL, NULL, NULL, NULL, 'N', 'N', 'N', 'N', '0', 'F', '0', '0', '0', '0', '0', 1, NULL, 'dict:dict:delete', NULL, 6, '0', '按钮:字典删除', NULL, '2022-05-24 21:57:11', NULL, NULL, '0', 'Y', 0, 2, 0);
INSERT INTO `sys_menu` VALUES (22010700, 22010000, 'ab20e0bfafc441fc90409e1096d3eebd', '字典导入', '0,22000000,22010000', NULL, NULL, NULL, NULL, NULL, 'N', 'N', 'N', 'N', '0', 'F', '0', '0', '0', '0', '0', 1, NULL, 'dict:dict:import', NULL, 7, '0', '按钮:字典导入', NULL, '2022-05-24 21:57:11', NULL, NULL, '0', 'Y', 0, 2, 0);
INSERT INTO `sys_menu` VALUES (22010800, 22010000, 'e50e7bbf131f413ebf0c4ec09cfa3b70', '字典导出', '0,22000000,22010000', NULL, NULL, NULL, NULL, NULL, 'N', 'N', 'N', 'N', '0', 'F', '0', '0', '0', '0', '0', 1, NULL, 'dict:dict:export', NULL, 8, '0', '按钮:字典导出', NULL, '2022-05-24 21:57:11', NULL, NULL, '0', 'Y', 0, 2, 0);
INSERT INTO `sys_menu` VALUES (22020000, 22000000, '71c9c40055b44052a27c5b3775c42054', '参数管理', '0,22000000', 'config', NULL, 'tenant/dict/config/index', NULL, NULL, 'N', 'N', 'N', 'N', '0', 'C', '0', '0', '0', '0', '0', 1, NULL, 'dict:config:list', 'ant-design:function-outlined', 2, '0', '菜单:参数管理', NULL, '2022-05-24 21:57:11', NULL, NULL, '0', 'Y', 0, 2, 0);
INSERT INTO `sys_menu` VALUES (22020100, 22020000, '9fdfef2871974adcb8dcd546af0f4aa2', '参数详情', '0,22000000,22020000', 'configDetail/:id', NULL, 'tenant/dict/config/ConfigDetail', NULL, NULL, 'N', 'Y', 'N', 'N', '0', 'X', '0', '1', '0', '0', '0', 5, NULL, 'dict:config:single', NULL, 1, '0', '详情:参数详情', NULL, '2022-05-24 21:57:11', NULL, NULL, '0', 'Y', 0, 2, 0);
INSERT INTO `sys_menu` VALUES (22020200, 22020000, '504ce298004f4a7fa93794ea974500cf', '参数新增', '0,22000000,22020000', NULL, NULL, NULL, NULL, NULL, 'N', 'N', 'N', 'N', '0', 'F', '0', '0', '0', '0', '0', 1, NULL, 'dict:config:add', NULL, 2, '0', '按钮:参数新增', NULL, '2022-05-24 21:57:11', NULL, NULL, '0', 'Y', 0, 2, 0);
INSERT INTO `sys_menu` VALUES (22020300, 22020000, 'aa46bd42a43b4921afa392107b062749', '参数修改', '0,22000000,22020000', NULL, NULL, NULL, NULL, NULL, 'N', 'N', 'N', 'N', '0', 'F', '0', '0', '0', '0', '0', 1, NULL, 'dict:config:edit', NULL, 3, '0', '按钮:参数修改', NULL, '2022-05-24 21:57:11', NULL, NULL, '0', 'Y', 0, 2, 0);
INSERT INTO `sys_menu` VALUES (22020400, 22020000, '25c63be4b66e4b05b40c7393ac773fd3', '参数删除', '0,22000000,22020000', NULL, NULL, NULL, NULL, NULL, 'N', 'N', 'N', 'N', '0', 'F', '0', '0', '0', '0', '0', 1, NULL, 'dict:config:delete', NULL, 4, '0', '按钮:参数删除', NULL, '2022-05-24 21:57:11', NULL, NULL, '0', 'Y', 0, 2, 0);
INSERT INTO `sys_menu` VALUES (22020500, 22020000, '0f86293fc6904e26bc22410611faaad5', '参数强制删除', '0,22000000,22020000', NULL, NULL, NULL, NULL, NULL, 'N', 'N', 'N', 'N', '0', 'F', '0', '0', '0', '0', '0', 1, NULL, 'dict:config:delForce', NULL, 5, '0', '按钮:参数强制删除', NULL, '2022-05-24 21:57:11', NULL, NULL, '0', 'Y', 0, 2, 0);
INSERT INTO `sys_menu` VALUES (22020600, 22020000, 'b03f82fb6e1148329c03816a1a892b32', '参数导入', '0,22000000,22020000', NULL, NULL, NULL, NULL, NULL, 'N', 'N', 'N', 'N', '0', 'F', '0', '0', '0', '0', '0', 1, NULL, 'dict:config:import', NULL, 6, '0', '按钮:参数导入', NULL, '2022-05-24 21:57:11', NULL, NULL, '0', 'Y', 0, 2, 0);
INSERT INTO `sys_menu` VALUES (22020700, 22020000, '72db9651b40e4bd6bc6ff5e3f6dcc1d1', '参数导出', '0,22000000,22020000', NULL, NULL, NULL, NULL, NULL, 'N', 'N', 'N', 'N', '0', 'F', '0', '0', '0', '0', '0', 1, NULL, 'dict:config:export', NULL, 7, '0', '按钮:参数导出', NULL, '2022-05-24 21:57:11', NULL, NULL, '0', 'Y', 0, 2, 0);
INSERT INTO `sys_menu` VALUES (23000000, 0, 'fbaad9604c74427592126a9a0e756067', '系统工具', '0', 'generate', NULL, '', NULL, NULL, 'N', 'N', 'N', 'N', '0', 'M', '0', '0', '0', '0', '0', 1, NULL, '', 'ant-design:setting-outlined', 6, '0', '目录:系统工具', NULL, '2022-05-24 21:57:11', NULL, NULL, '0', 'Y', 0, 2, 0);
INSERT INTO `sys_menu` VALUES (23010000, 23000000, 'ebd46c2fd3c3429896de95a82bcf1d8b', '代码生成', '0,23000000', 'gen', NULL, 'gen/generate/gen/index', NULL, NULL, 'N', 'N', 'N', 'N', '0', 'C', '0', '0', '0', '0', '0', 1, NULL, 'generate:gen:list', 'ant-design:experiment-outlined', 1, '0', '菜单:代码生成', NULL, '2022-05-24 21:57:11', NULL, NULL, '0', 'Y', 0, 2, 0);
INSERT INTO `sys_menu` VALUES (23010100, 23010000, 'b489b7b0e645471eb42ed8b1f0365d32', '代码生成配置', '0,23000000,23010000', 'generateDetail/:id', NULL, 'gen/generate/gen/GenDetail', NULL, NULL, 'N', 'Y', 'N', 'N', '0', 'X', '0', '1', '0', '0', '0', 5, NULL, 'generate:gen:edit', NULL, 1, '0', '详情:代码生成配置', NULL, '2022-05-24 21:57:11', NULL, NULL, '0', 'Y', 0, 2, 0);
INSERT INTO `sys_menu` VALUES (23010200, 23010000, 'c49d2b1d7d6640e7bd331aa494b05e58', '代码生成预览', '0,23000000,23010000', 'codeDetail/:id', NULL, 'gen/generate/gen/CodeDetail', NULL, NULL, 'N', 'Y', 'N', 'N', '0', 'X', '0', '1', '0', '0', '0', 5, NULL, 'generate:gen:preview', NULL, 2, '0', '详情:代码生成预览', NULL, '2022-05-24 21:57:11', NULL, NULL, '0', 'Y', 0, 2, 0);
INSERT INTO `sys_menu` VALUES (23010300, 23010000, 'f264257d3d4948bd9204ee5ba39b1661', '代码生成导入', '0,23000000,23010000', NULL, NULL, NULL, NULL, NULL, 'N', 'N', 'N', 'N', '0', 'F', '0', '0', '0', '0', '0', 1, NULL, 'generate:gen:import', NULL, 3, '0', '按钮:代码生成导入', NULL, '2022-05-24 21:57:11', NULL, NULL, '0', 'Y', 0, 2, 0);
INSERT INTO `sys_menu` VALUES (23010400, 23010000, '828aa317e06b48a2adc9d783ee968d99', '代码生成下载', '0,23000000,23010000', NULL, NULL, NULL, NULL, NULL, 'N', 'N', 'N', 'N', '0', 'F', '0', '0', '0', '0', '0', 1, NULL, 'generate:gen:code', NULL, 4, '0', '按钮:代码生成下载', NULL, '2022-05-24 21:57:11', NULL, NULL, '0', 'Y', 0, 2, 0);
INSERT INTO `sys_menu` VALUES (23010500, 23010000, '29db55acc054471f8b68411f99be1dee', '代码生成删除', '0,23000000,23010000', NULL, NULL, NULL, NULL, NULL, 'N', 'N', 'N', 'N', '0', 'F', '0', '0', '0', '0', '0', 1, NULL, 'generate:gen:delete', NULL, 5, '0', '按钮:代码生成删除', NULL, '2022-05-24 21:57:11', NULL, NULL, '0', 'Y', 0, 2, 0);
INSERT INTO `sys_menu` VALUES (23020000, 23000000, '8fa8a4e494594496a865ab028483d28b', '系统接口', '0,23000000', 'swagger', 'http://localhost:8080/swagger-ui/index.html', NULL, NULL, NULL, 'N', 'N', 'N', 'N', '1', 'C', '0', '0', '0', '0', '0', 1, NULL, 'monitor:swagger:list', 'ant-design:api-twotone', 2, '0', '菜单:系统接口', NULL, '2022-05-24 21:57:11', NULL, NULL, '0', 'Y', 0, 2, 0);
INSERT INTO `sys_menu` VALUES (24000000, 0, 'e24afc855afc485d96135999811', '系统监控', '0', 'monitor', NULL, '', NULL, NULL, 'N', 'N', 'N', 'N', '0', 'M', '0', '0', '0', '0', '0', 1, NULL, '', 'ant-design:eye-outlined', 9, '0', '目录:系统监控', NULL, '2022-05-24 21:57:11', NULL, NULL, '0', 'Y', 0, 2, 0);
INSERT INTO `sys_menu` VALUES (24010000, 24000000, '8fa8a4e494594496a89635028483d28b', '流量监控', '0,24000000', 'sentinel', 'http://localhost:8718', NULL, NULL, NULL, 'N', 'N', 'N', 'N', '1', 'C', '0', '0', '0', '0', '0', 1, NULL, 'monitor:sentinel:list', 'ant-design:fund-projection-screen-outlined', 1, '0', '菜单:流量监控', NULL, '2022-05-24 21:57:11', NULL, NULL, '0', 'Y', 0, 2, 0);
INSERT INTO `sys_menu` VALUES (24020000, 24000000, '8fa8a4e494594496a865a6428483d28b', '服务治理', '0,24000000', 'nacos', 'http://nacos-0.nacos:8848/nacos', NULL, NULL, NULL, 'N', 'N', 'N', 'N', '1', 'C', '0', '0', '0', '0', '0', 1, NULL, 'monitor:nacos:list', 'ant-design:control-outlined', 2, '0', '菜单:服务治理', NULL, '2022-05-24 21:57:11', NULL, NULL, '0', 'Y', 0, 2, 0);
INSERT INTO `sys_menu` VALUES (24030000, 24000000, '8fa8a4e494594496a32586534583d28b', '服务监控', '0,24000000', 'server', 'http://localhost:9100/login', NULL, NULL, NULL, 'N', 'N', 'N', 'N', '1', 'C', '0', '0', '0', '0', '0', 1, NULL, 'monitor:server:list', 'ant-design:radar-chart-outlined', 3, '0', '菜单:服务监控', NULL, '2022-05-24 21:57:11', NULL, NULL, '0', 'Y', 0, 2, 0);
COMMIT;

-- ----------------------------
-- Table structure for sys_module
-- ----------------------------
DROP TABLE IF EXISTS `sys_module`;
CREATE TABLE `sys_module` (
  `id` bigint(20) NOT NULL COMMENT '模块Id',
  `name` varchar(50) NOT NULL COMMENT '模块名称',
  `logo` varchar(2000) DEFAULT '' COMMENT '模块logo',
  `path` varchar(200) NOT NULL DEFAULT '' COMMENT '路由地址',
  `param_path` varchar(255) DEFAULT NULL COMMENT '路由参数',
  `type` char(1) NOT NULL DEFAULT '0' COMMENT '模块类型（0常规 1内嵌 2外链）',
  `hide_module` char(1) NOT NULL DEFAULT '0' COMMENT '模块显隐状态（0显示 1隐藏）',
  `sort` int(10) unsigned NOT NULL DEFAULT 0 COMMENT '显示顺序',
  `status` char(1) NOT NULL DEFAULT '0' COMMENT '状态（0正常 1停用）',
  `remark` varchar(1000) DEFAULT NULL COMMENT '备注',
  `create_by` bigint(20) DEFAULT NULL COMMENT '创建者',
  `create_time` datetime DEFAULT current_timestamp() COMMENT '创建时间',
  `update_by` bigint(20) DEFAULT NULL COMMENT '更新者',
  `update_time` datetime DEFAULT NULL ON UPDATE current_timestamp() COMMENT '更新时间',
  `is_common` char(1) NOT NULL DEFAULT '1' COMMENT '公共模块（0公共 1私有）',
  `is_default` char(1) NOT NULL DEFAULT 'N' COMMENT '默认模块（Y是 N否）',
  `del_flag` tinyint(4) NOT NULL DEFAULT 0 COMMENT '删除标志（0正常 1删除）',
  `tenant_id` bigint(20) NOT NULL COMMENT '租户Id',
  PRIMARY KEY (`id`)
) ENGINE=InnoDB DEFAULT CHARSET=utf8mb4 COMMENT='模块信息表';

-- ----------------------------
-- Records of sys_module
-- ----------------------------
BEGIN;
INSERT INTO `sys_module` VALUES (1, '基础平台', 'https://images.gitee.com/uploads/images/2021/1101/141155_f3dfce1d_7382127.jpeg', '', '', '0', '0', 0, '0', '基础平台', NULL, '2022-05-24 21:57:11', NULL, NULL, '0', 'Y', 0, 0);
INSERT INTO `sys_module` VALUES (2, '开发者平台', 'https://images.gitee.com/uploads/images/2021/1101/141601_d68e92a4_7382127.jpeg', '', '', '0', '0', 0, '0', '开发者平台', NULL, '2022-05-24 21:57:11', NULL, NULL, '0', 'Y', 0, 0);
COMMIT;

-- ----------------------------
-- Table structure for te_source
-- ----------------------------
DROP TABLE IF EXISTS `te_source`;
CREATE TABLE `te_source` (
  `id` bigint(20) NOT NULL COMMENT '数据源Id',
  `name` varchar(50) NOT NULL COMMENT '数据源名称',
  `slave` varchar(500) NOT NULL COMMENT '数据源编码',
  `driver_class_name` varchar(500) NOT NULL COMMENT '驱动',
  `url_prepend` varchar(500) NOT NULL COMMENT '连接地址',
  `url_append` varchar(500) NOT NULL DEFAULT '' COMMENT '连接参数',
  `username` varchar(500) NOT NULL COMMENT '用户名',
  `password` varchar(500) NOT NULL DEFAULT '' COMMENT '密码',
  `sort` int(10) unsigned NOT NULL DEFAULT 0 COMMENT '显示顺序',
  `status` char(1) NOT NULL DEFAULT '0' COMMENT '状态（0正常 1停用）',
  `remark` varchar(1000) DEFAULT NULL COMMENT '备注',
  `create_by` bigint(20) DEFAULT NULL COMMENT '创建者',
  `create_time` datetime DEFAULT current_timestamp() COMMENT '创建时间',
  `update_by` bigint(20) DEFAULT NULL COMMENT '更新者',
  `update_time` datetime DEFAULT NULL ON UPDATE current_timestamp() COMMENT '更新时间',
  `is_default` char(1) NOT NULL DEFAULT 'N' COMMENT '默认数据源（Y是 N否）',
  `del_flag` tinyint(4) NOT NULL DEFAULT 0 COMMENT '删除标志（0正常 1删除）',
  PRIMARY KEY (`id`)
) ENGINE=InnoDB DEFAULT CHARSET=utf8mb4 COMMENT='数据源表';

-- ----------------------------
-- Records of te_source
-- ----------------------------
BEGIN;
INSERT INTO `te_source` VALUES (1, '注册数据源', 'slave', 'com.mysql.cj.jdbc.Driver', 'jdbc:mysql://192.168.0.130:3306/cool-001', '?useUnicode=true&characterEncoding=utf8&zeroDateTimeBehavior=convertToNull&useSSL=true&serverTimezone=GMT%2B8', 'root', '123456', 0, '0', NULL, NULL, '2022-05-24 21:57:11', NULL, '2022-05-25 02:18:42', 'Y', 0);
COMMIT;

-- ----------------------------
-- Table structure for te_strategy
-- ----------------------------
DROP TABLE IF EXISTS `te_strategy`;
CREATE TABLE `te_strategy` (
  `id` bigint(20) NOT NULL COMMENT '策略Id',
  `name` varchar(500) NOT NULL DEFAULT '' COMMENT '策略名称',
  `source_id` bigint(20) NOT NULL COMMENT '数据源Id',
  `source_slave` varchar(500) NOT NULL COMMENT '数据源编码',
  `sort` int(10) unsigned NOT NULL DEFAULT 0 COMMENT '显示顺序',
  `status` char(1) NOT NULL DEFAULT '0' COMMENT '状态（0正常 1停用）',
  `remark` varchar(1000) DEFAULT NULL COMMENT '备注',
  `create_by` bigint(20) DEFAULT NULL COMMENT '创建者',
  `create_time` datetime DEFAULT current_timestamp() COMMENT '创建时间',
  `update_by` bigint(20) DEFAULT NULL COMMENT '更新者',
  `update_time` datetime DEFAULT NULL ON UPDATE current_timestamp() COMMENT '更新时间',
  `is_default` char(1) NOT NULL DEFAULT 'N' COMMENT '默认策略（Y是 N否）',
  `del_flag` tinyint(4) NOT NULL DEFAULT 0 COMMENT '删除标志（0正常 1删除）',
  PRIMARY KEY (`id`)
) ENGINE=InnoDB DEFAULT CHARSET=utf8mb4 COMMENT='数据源策略表';

-- ----------------------------
-- Records of te_strategy
-- ----------------------------
BEGIN;
INSERT INTO `te_strategy` VALUES (1, '默认注册策略', 1, 'slave', 1, '0', NULL, NULL, '2022-05-24 21:57:11', NULL, NULL, 'Y', 0);
COMMIT;

-- ----------------------------
-- Table structure for te_tenant
-- ----------------------------
DROP TABLE IF EXISTS `te_tenant`;
CREATE TABLE `te_tenant` (
  `id` bigint(20) NOT NULL COMMENT '租户Id',
  `strategy_id` bigint(20) NOT NULL COMMENT '策略Id',
  `name` varchar(50) NOT NULL COMMENT '租户账号',
  `system_name` varchar(50) NOT NULL COMMENT '系统名称',
  `nick` varchar(50) NOT NULL COMMENT '租户名称',
  `logo` varchar(200) DEFAULT '' COMMENT '租户logo',
  `name_frequency` tinyint(4) DEFAULT 0 COMMENT '账号修改次数',
  `is_lessor` char(1) NOT NULL DEFAULT 'N' COMMENT '超管租户（Y是 N否）',
  `sort` int(10) unsigned NOT NULL DEFAULT 0 COMMENT '显示顺序',
  `status` char(1) NOT NULL DEFAULT '0' COMMENT '状态（0正常 1停用）',
  `remark` varchar(1000) DEFAULT NULL COMMENT '备注',
  `create_by` bigint(20) DEFAULT NULL COMMENT '创建者',
  `create_time` datetime DEFAULT current_timestamp() COMMENT '创建时间',
  `update_by` bigint(20) DEFAULT NULL COMMENT '更新者',
  `update_time` datetime DEFAULT NULL ON UPDATE current_timestamp() COMMENT '更新时间',
  `is_default` char(1) NOT NULL DEFAULT 'N' COMMENT '默认租户（Y是 N否）',
  `del_flag` tinyint(4) NOT NULL DEFAULT 0 COMMENT '删除标志（0正常 1删除）',
  PRIMARY KEY (`id`)
) ENGINE=InnoDB DEFAULT CHARSET=utf8mb4 COMMENT='租户信息表';

-- ----------------------------
-- Records of te_tenant
-- ----------------------------
BEGIN;
INSERT INTO `te_tenant` VALUES (1, 1, 'administrator', '租管租户', 'administrator', 'https://images.gitee.com/uploads/images/2021/1101/141601_d68e92a4_7382127.jpeg', 0, 'Y', 0, '0', NULL, NULL, '2022-05-24 21:57:11', NULL, '2022-05-25 06:46:04', 'Y', 0);
INSERT INTO `te_tenant` VALUES (2, 1, 'cool', '雪忆科技', 'cool001', 'https://images.gitee.com/uploads/images/2021/1101/141601_d68e92a4_7382127.jpeg', 0, 'N', 0, '0', NULL, NULL, '2022-05-24 21:57:11', NULL, NULL, 'N', 0);
COMMIT;

SET FOREIGN_KEY_CHECKS = 1;
